COMPANY,MAT FEB'24,MAT FEB'26,CAGR,Market Share
4CARE LIFESCIENCE,3.0,4.5,0.22474487139158894,0.00019372669898315006
A.N.PHARMACIA,0.3,0.3,0.0,1.2915113265543336e-05
AAREEN HEALTHCARE,10.3,25.7,0.5796029979295307,0.0011063947030815458
ABARIS HEALTHCARE,0.0,0.0,0.0,0.0
ABBOTT*,335.7,412.8,0.10890457102124618,0.01777119585338763
ACMEDIX PHARMA,0.30000000000000004,0.8,0.6329931618554521,3.44403020414489e-05
ACRON,0.1,0.1,0.0,4.305037755181113e-06
ADMAC*,0.0,0.0,0.0,0.0
ADRET RETAIL,0.0,0.0,0.0,0.0
AIMIL,0.1,0.8,1.8284271247461903,3.44403020414489e-05
AISHIKA PHARMA,0.0,0.1,0.0,4.305037755181113e-06
AISHWARYA HEALTH.,0.0,0.0,0.0,0.0
AJANTA PHARMA,410.1,489.7,0.09274837004858671,0.021081769887121907
AKCENT HEALTHCARE,0.0,0.0,0.0,0.0
AKESISS PHARMA,4.1,3.5,-0.07606356464020425,0.00015067632143133893
AKUMENTIS HEALTH,111.3,114.5,0.014273692398035998,0.0049292682296823735
ALDE MEDI IMPEX,3.8,3.6,-0.026671473215424735,0.00015498135918652004
ALEMBIC,474.90000000000003,530.4,0.056819146675908705,0.02283392025348062
ALKEM*,162.1,176.0,0.04199306011251358,0.0075768664491187585
ALNICHE*,0.1,0.1,0.0,4.305037755181113e-06
ALTEUS BIOGENICS,10.3,23.5,0.5104811809679233,0.0010116838724675615
ALVIO PHARMA,13.5,19.1,0.18945988365090094,0.0008222622112395926
AMWIN PHARMA,0.0,0.0,0.0,0.0
AN PHARMACEUTICALS,0.2,0.4,0.41421356237309515,1.722015102072445e-05
ANAX LIFESCIENCE.,1.1,1.6,0.20604537831105452,6.88806040828978e-05
ANTHEM BIOPHARMA,0.8,1.0,0.1180339887498949,4.305037755181113e-05
ANTHUS PHARMA,5.0,5.4,0.039230484541326494,0.0002324720387797801
APEX,0.8,1.3,0.2747548783981961,5.596549081735446e-05
ARINNA LIFESCIENCE,1.0,3.2,0.7888543819998317,0.0001377612081657956
ARISTO PHARMA*,513.8,651.8,0.12631567459226556,0.02806023608827049
ASTRANOVA BIOTECH,0.0,0.0,0.0,0.0
ASTRAZENECA,72.9,68.39999999999999,-0.03135579032429481,0.0029446458245438807
ATHENS LIFE SCIEN.,0.0,0.0,0.0,0.0
AVIN PHARMA,0.0,0.0,0.0,0.0
AVIS LIFE CARE,0.0,0.0,0.0,0.0
BACFO PHARMA,0.0,0.1,0.0,4.305037755181113e-06
BAIDYANATH,0.0,0.0,0.0,0.0
BAN LABS.,0.0,0.0,0.0,0.0
BARODA PHARMA,5.1,5.7,0.05718827974184881,0.00024538715204532345
BAYER ZYDUS PHARMA,0.6000000000000001,0.30000000000000004,-0.2928932188134524,1.291511326554334e-05
BDR PHARMA,0.0,0.4,0.0,1.722015102072445e-05
BENNET PHARMA,0.0,0.0,0.0,0.0
BILBERRY PHARMA.,0.0,0.0,0.0,0.0
BIOKINDLE LIFESCIE,0.0,0.1,0.0,4.305037755181113e-06
BLUE CROSS,102.4,114.4,0.056970907830485196,0.004924963191927193
BRINTON PHARMA,0.0,0.1,0.0,4.305037755181113e-06
CADILA PHARMA,82.0,72.0,-0.06295742866836362,0.003099627183730401
CALREN CARE LIFESC,0.0,0.0,0.0,0.0
CAPLET INDIA,13.5,13.4,-0.0037105879351158055,0.0005768750591942691
CAPTAB,0.0,0.0,0.0,0.0
CELAGENEX RESEARCH,0.0,0.30000000000000004,0.0,1.291511326554334e-05
CELON LAB,1.3,1.2999999999999998,-1.1102230246251565e-16,5.5965490817354455e-05
CENTAUR,0.0,0.0,0.0,0.0
CHANDRA BHAGAT PHA,0.0,0.0,0.0,0.0
CHEMO BIOLOGICAL,0.0,0.0,0.0,0.0
CIPLA*,359.9,389.5,0.04031008265539038,0.016768122056430433
CMR LIFE SCIENCES,2.4000000000000004,2.2,-0.0425728922436619,9.471083061398449e-05
COLINZ,0.0,0.0,0.0,0.0
COMED CHEMICALS,0.0,0.0,0.0,0.0
CONCEPT PHARMA,0.0,0.0,0.0,0.0
CONSENT PHARMA,0.0,0.1,0.0,4.305037755181113e-06
CONSERN PHARMA,0.1,0.1,0.0,4.305037755181113e-06
CORONA REMEDIES,137.2,223.8,0.27718257711142,0.00963467449609533
CRUENTUS PHARMA,0.0,0.0,0.0,0.0
CUROSIS HEALTHCARE,0.0,0.0,0.0,0.0
D D PHARMA,0.1,0.0,-1.0,0.0
D.R.JOHNS LAB,0.0,0.2,0.0,8.610075510362225e-06
DABUR INDIA,1.9000000000000001,3.5000000000000004,0.3572417850765923,0.00015067632143133896
DAXIN PHARMA,0.0,0.0,0.0,0.0
DEW DROPS LABS,0.0,0.1,0.0,4.305037755181113e-06
DEWMEDIC HEALTH.,0.0,0.6000000000000001,0.0,2.583022653108668e-05
DIVINE SAVIOR,0.30000000000000004,0.1,-0.42264973081037427,4.305037755181113e-06
DR.CURE PHARMA,0.0,0.0,0.0,0.0
DR.REDDYS LABS*,507.5,528.4,0.020383391676801255,0.022747819498377
DYCINE PHARMA,0.0,0.1,0.0,4.305037755181113e-06
EAST INDIA,0.4,0.7,0.32287565553229514,3.0135264286267786e-05
EAST WEST PHARMA,35.6,51.5,0.20275900058288743,0.002217094443918273
ELBRIT LIFE SCIEN.,0.0,5.8,0.0,0.0002496921898005045
ELDER PHARMA,0.39999999999999997,0.30000000000000004,-0.13397459621556118,1.291511326554334e-05
EMCURE*,558.0,608.3,0.044099310015875526,0.026187544664766707
ERGOS LIFE SCIENCE,3.7,6.1,0.2839971373210488,0.00026260730306604783
ERINYLE HEALTHCARE,2.3000000000000003,3.2,0.1795356492391771,0.0001377612081657956
ERIS LIFESCIENCES*,420.9,447.4,0.03099967173473428,0.019260738916680297
ESWAR THERAPEUTICS,0.0,7.7,0.0,0.0003314879071489457
EVERVITAL LIFESCI.,0.0,0.0,0.0,0.0
EXELTIS,18.0,25.700000000000003,0.19489655526232808,0.001106394703081546
EYSYS PHARMA.,5.8,12.8,0.4855627054164149,0.0005510448326631824
FDC,80.2,83.7,0.021587440092922572,0.003603316601086591
FIDUS HEALTHCARE,0.0,3.4,0.0,0.00014637128367615783
FINECURE PHARMA*,2.7,5.2,0.3877773329774219,0.00022386196326941785
FOREGEN HEALTHCARE,0.0,0.0,0.0,0.0
FOURRTS INDIA,0.0,0.0,0.0,0.0
FRANCO INDIAN,5.1000000000000005,5.7,0.05718827974184881,0.00024538715204532345
FRANKLIN LABS,0.0,0.0,0.0,0.0
FREYN PHARMA.,0.0,0.0,0.0,0.0
FUSION HEALTHCARE,28.5,47.0,0.28418176556807717,0.002023367744935123
GENESIS BIOTEC.,0.0,0.0,0.0,0.0
GENIX LIFESCIENCE,0.0,0.0,0.0,0.0
GENO,0.2,0.0,-1.0,0.0
GENTECH HEALTHCARE,0.0,0.0,0.0,0.0
GEOFFROI LABS,0.0,0.0,0.0,0.0
GERRYSUN PHARMA,0.2,0.0,-1.0,0.0
GLAXOSMITHKLINE*,0.0,0.0,0.0,0.0
GLENMARK PHARMA,1332.8,1838.4,0.1744580625532266,0.07914381409124957
GODDRES PHARMA,0.0,1.1,0.0,4.735541530699224e-05
GOLDLINE PHARMACE.,2.1,2.1,0.0,9.040579285880336e-05
GRAF LABS,0.0,0.0,0.0,0.0
GRANDCURE,0.7000000000000001,1.5,0.4638501094227998,6.45755663277167e-05
GRIFFIN BIOGENESIS,0.0,0.2,0.0,8.610075510362225e-06
GUFIC,0.0,0.1,0.0,4.305037755181113e-06
GUJARAT TERCE,0.2,0.2,0.0,8.610075510362225e-06
HAMDARD,0.2,0.2,0.0,8.610075510362225e-06
HBC LIFESCIENCE,26.1,39.2,0.22552670669074382,0.0016875748000309962
HEGDE & HEGDE,1.1,1.2,0.044465935734187,5.1660453062173346e-05
HETERO HEALTHCARE*,6.6,6.9,0.022474716291090324,0.00029704760510749676
HEVEREN HEALTHCARE,0.0,0.9,0.0,3.874533979663001e-05
HIGLANCE LAB,0.5,0.7000000000000001,0.18321595661992318,3.013526428626779e-05
HIMALAYA DRUG,3.2,4.3,0.15920231193696277,0.00018511662347278784
ICARUS HEALTHCARE,0.0,0.0,0.0,0.0
ICON LIFESCIENCES,2.0,1.3,-0.19377422517014498,5.596549081735446e-05
IKON REMEDIES,0.0,0.0,0.0,0.0
IND-SWIFT,0.7,0.8,0.06904496764969759,3.44403020414489e-05
INDIABULLS PHARMA,0.0,0.0,0.0,0.0
INDICA,0.2,0.2,0.0,8.610075510362225e-06
INDOCO*,3.3,0.5,-0.6107505279192385,2.1525188775905564e-05
INNOVATIVE PHARMA,0.0,0.0,0.0,0.0
INTAS PHARMA*,586.8,693.7,0.08727848585085973,0.02986404690769138
INUEN HEALTHCARE,0.0,0.1,0.0,4.305037755181113e-06
INVISION MEDI SCIE,0.1,0.0,-1.0,0.0
IPCA LABS,381.1,494.2,0.1387591934452146,0.021275496586105058
JUBILANT GENERICS,20.9,32.300000000000004,0.24316312101612225,0.0013905271949234996
JUPITER BIOLABS,0.2,0.3,0.22474487139158894,1.2915113265543336e-05
KANAD LABS,0.1,0.2,0.41421356237309515,8.610075510362225e-06
KARNATAKA ANTIBIOT,0.2,0.0,-1.0,0.0
KEPLER HEALTHCARE,3.0,3.4,0.06458129484475417,0.00014637128367615783
KHANDELWAL,0.30000000000000004,0.30000000000000004,0.0,1.291511326554334e-05
KIM LAB,0.0,0.0,0.0,0.0
KOYE PHARMA,3.5,0.6,-0.5859606643945875,2.5830226531086673e-05
LA RENON HEALTHCA.,30.7,62.1,0.42225219385719215,0.002673428445967471
LAKSHYA PHARMA,2.3,3.1,0.1609591237233643,0.0001334561704106145
LARION LIFE SCI.,0.8,0.0,-1.0,0.0
LAXIAN INC.,0.4,0.5,0.1180339887498949,2.1525188775905564e-05
LEBEN LIFESCIENCES,0.0,0.0,0.0,0.0
LIFEMEDICARE,0.0,0.0,0.0,0.0
LINCOLN PHARMA,9.5,12.3,0.13786503685861762,0.0005295196438872768
LINUX LAB,0.6,2.2,0.9148542155126762,9.471083061398449e-05
LISTER,0.5,0.5,0.0,2.1525188775905564e-05
LIVIDUS PHARMA,21.3,22.0,0.016299094639594003,0.0009471083061398448
LLOYD HEALTHCARE,107.7,141.4,0.14582119939553206,0.006087323385826094
LUCROSE PHARMA,0.0,0.0,0.0,0.0
LUPIN LIMITED,979.7,1351.1,0.17434902883381098,0.058165365110252006
LYCEUM LIFESCIENCE,0.0,0.2,0.0,8.610075510362225e-06
MACLEODS PHARMA,850.4,1036.4,0.10395679357011711,0.044617411294697054
MACMILLON,0.0,0.0,0.0,0.0
MAHARISHI AYURVEDA,0.0,0.0,0.0,0.0
MANEESH PHARMA*,0.0,0.0,0.0,0.0
MANKIND,1173.5,1556.6,0.15172015253582183,0.0670122176971492
MARC LABORATORIES,0.0,0.0,0.0,0.0
MARSHA PHARMA,0.0,1.0,0.0,4.305037755181113e-05
MATIAS HEALTHCARE.,0.30000000000000004,0.4,0.15470053837925146,1.722015102072445e-05
MATTEO HEALTHCARE.,0.6000000000000001,1.7000000000000002,0.6832508230603462,7.318564183807893e-05
MCASTRO PHARMA,0.5,0.8,0.26491106406735176,3.44403020414489e-05
MCRONUS LIFESCIEN.,0.0,0.0,0.0,0.0
MDC PHARMA,0.1,0.1,0.0,4.305037755181113e-06
MED MANOR ORGANICS,6.8,9.4,0.17573506419451101,0.0004046735489870246
MEDICO LABS,0.0,0.0,0.0,0.0
MEDLEY PHARMA,105.6,102.1,-0.016711608628444896,0.004395443548039915
MEDO PHARM,0.4,0.30000000000000004,-0.1339745962155613,1.291511326554334e-05
MEFRO PHARMA,0.0,0.0,0.0,0.0
MERCK SPECIALITIES,126.5,198.8,0.25361138395289173,0.008558415057300052
MERIDIAN MEDICARE,0.0,0.0,0.0,0.0
MEYER ORGANICS,0.0,0.0,0.0,0.0
MICRO LABS*,530.5,609.6,0.07196297430677956,0.026243510155584064
MIGHTY PHARMA,0.0,0.0,0.0,0.0
MITOCH PHARMA,1.0,1.8,0.34164078649987384,7.749067959326002e-05
MODI MUNDIPHARMA,161.6,165.79999999999998,0.012911693589278794,0.007137752598090284
MOREPEN LABS,3.0,4.7,0.2516655570345725,0.0002023367744935123
MOVA PHARMA,0.0,0.0,0.0,0.0
MSN LABS,5.7,9.6,0.29777136904610035,0.00041328362449738677
MYLAN PHARMA,15.6,21.0,0.16023870223064285,0.0009040579285880336
NATCO PHARMA,0.7999999999999999,1.0,0.1180339887498949,4.305037755181113e-05
NEON LABS,6.300000000000001,6.9,0.04653623694456721,0.00029704760510749676
NEXINA LIFE SCIEN.,0.0,0.1,0.0,4.305037755181113e-06
NEXKEM PHARMA,0.7,1.0,0.19522860933439357,4.305037755181113e-05
NIRVONIX HEALTH.,0.0,0.0,0.0,0.0
NOEL PHARMA,0.0,0.0,0.0,0.0
NOUVEAU MEDICAMENT,3.8,4.3,0.06375699638988097,0.00018511662347278784
NOVARTIS INTL.*,5.6,44.300000000000004,1.8125992045995973,0.0019071317255452331
OBSURGE BIOTECH,0.30000000000000004,0.30000000000000004,0.0,1.291511326554334e-05
OLCARE LAB,1.3,0.7000000000000001,-0.26620061429465713,3.013526428626779e-05
OLDMED HEALTHCARE,0.0,1.4,0.0,6.027052857253557e-05
OMNI LIFESCIENCES,0.0,0.0,0.0,0.0
ORCHID PHARMA*,0.9,0.6,-0.18350341907227397,2.5830226531086673e-05
ORGANIC INDIA,0.0,0.0,0.0,0.0
OVERSEAS,0.2,0.2,0.0,8.610075510362225e-06
OXPRO PHARMA,0.0,0.0,0.0,0.0
OZONE,31.0,41.7,0.1598108855854823,0.001795200743910524
PANACEA BIOTEC,0.0,0.0,0.0,0.0
PFIZER*,244.49999999999997,262.8,0.03674810140499973,0.011313639220615965
PHARMANOVA SPECIAL,0.0,0.0,0.0,0.0
PHYTO PHARMA,0.0,0.0,0.0,0.0
PRECIA PHARMA,0.0,0.7,0.0,3.0135264286267786e-05
PRIMUS REMEDIES,5.5,7.9,0.19848389074014539,0.0003400979826593079
PROFESS HEALTH,0.0,0.0,0.0,0.0
PSYCHOTROPICS,1.2000000000000002,1.1,-0.0425728922436619,4.735541530699224e-05
PSYCOREMEDIES,0.0,0.0,0.0,0.0
PULSE PHARMA,0.30000000000000004,0.1,-0.42264973081037427,4.305037755181113e-06
QUALITY INNOVATION,0.0,0.0,0.0,0.0
QUALITY PHARMA,0.0,0.1,0.0,4.305037755181113e-06
QUREWELL HEALTH.,0.0,0.0,0.0,0.0
RAPROSS PHARMA,0.0,0.0,0.0,0.0
REGENIX DRUGS,0.4,0.4,0.0,1.722015102072445e-05
RENCORD LIFESCIE.,0.0,0.4,0.0,1.722015102072445e-05
RETORT LABS,0.0,0.0,0.0,0.0
RETRA LIFE SCI.,0.7000000000000001,0.7000000000000001,0.0,3.013526428626779e-05
RHINE BIOGENICS,9.8,11.700000000000001,0.09264703862702528,0.0005036894173561902
RHOMBUS PHARMA,0.0,0.0,0.0,0.0
RPG LIFE SCIENCES,0.4,1.8,1.1213203435596424,7.749067959326002e-05
RUSAN HEALTHCARE,0.0,0.0,0.0,0.0
SAAN LABS,2.3000000000000003,2.8,0.1033545687347408,0.00012054105714507114
SAFFRON FORMULAT.,0.7,1.2,0.3093073414159544,5.1660453062173346e-05
SAFFRON THERAPEUTI,0.0,0.0,0.0,0.0
SAIN MEDICAMENTS,0.0,0.0,0.0,0.0
SAMARTH PHARMA,19.5,19.4,-0.002567398331198123,0.0008351773245051358
SANATRA HEALTHCARE,0.0,0.2,0.0,8.610075510362225e-06
SANOFI*,0.0,0.0,0.0,0.0
SEPTALYST LIFE,0.8,0.9,0.06066017177982119,3.874533979663001e-05
SERVIER INDIA,68.2,76.39999999999999,0.058411358643496225,0.0032890488449583695
SHANKUS ACME PHAR.,0.0,0.0,0.0,0.0
SHINE PHARMA,16.5,20.1,0.10371274260190466,0.0008653125887914037
SHREYA LIFE SCIENC,18.2,16.2,-0.056543646950273585,0.0006974161163393403
SHRINIVAS LABS,0.0,0.0,0.0,0.0
SIGMUND PROMEDICA,0.1,0.1,0.0,4.305037755181113e-06
SIGNOVA PHARMA,3.9000000000000004,6.7,0.3107054276032879,0.00028843752959713454
SINSAN PHARMA.,1.9000000000000001,1.9000000000000001,0.0,8.179571734844114e-05
SPECTRA THERAP.,4.3,6.9,0.26674826338570434,0.00029704760510749676
STADMED PRIVATE,1.8,1.1,-0.21826404002942834,4.735541530699224e-05
STEADFAST MEDISHIE,0.1,0.2,0.41421356237309515,8.610075510362225e-06
SUN*,2026.3,2467.8,0.1035781869386816,0.1062397217223595
SUNIJ PHARMA,7.2,7.2,0.0,0.0003099627183730401
SURGE PHARMA,0.0,0.1,0.0,4.305037755181113e-06
SYMBIOTIC DRUG,0.4,0.4,0.0,1.722015102072445e-05
SYNOKEM,0.3,0.2,-0.18350341907227397,8.610075510362225e-06
SYSTOPIC,97.5,123.2,0.1240950776467904,0.005303806514383131
TALENT,3.2,5.7,0.3346347815039139,0.00024538715204532345
TANSUKH HERBALS,0.0,0.0,0.0,0.0
TARGOF,0.30000000000000004,0.7,0.5275252316519465,3.0135264286267786e-05
TAS MED,9.100000000000001,11.7,0.13389341902768148,0.0005036894173561902
TEVOS PHARMA,3.3000000000000003,2.4,-0.14719713457755834,0.00010332090612434669
THEMIS MEDICARE,0.2,0.0,-1.0,0.0
THEMIS PHARMA,0.1,0.1,0.0,4.305037755181113e-06
THETA LABS,0.2,0.0,-1.0,0.0
TORRENT PHARMA*,2313.2,3070.4,0.1521018841721662,0.13218187923508087
TROIKAA PHARMA,43.099999999999994,44.5,0.016111508943722486,0.001915741801055595
U S V,1473.1,1838.6000000000001,0.11719121796606924,0.07915242416675994
UNI-SAN PHARMA,0.1,0.0,-1.0,0.0
UNIDENT MANUFACT.,0.1,0.0,-1.0,0.0
UNIMARCK HEALTHCAR,0.7,0.5,-0.15484574527148343,2.1525188775905564e-05
UNIMARCK PHARMA,0.1,0.1,0.0,4.305037755181113e-06
UNIMED TECHNOLOGIE,224.6,281.3,0.11912858861833531,0.01211007120532447
UNISON PHARMA,125.4,181.7,0.20372892188580805,0.007822253601164082
UNITED BIOTECH,1.7,1.4000000000000001,-0.0925147870269698,6.027052857253558e-05
UNIZA HEALTHCARE,0.8,1.1,0.17260393995585743,4.735541530699224e-05
UNIZY HEALTHCARE,0.0,0.0,0.0,0.0
VASU ORGANICS,1.6,2.7,0.299038105676658,0.00011623601938989005
VHB LIFESCIENCES,0.0,0.0,0.0,0.0
VIBCARE PHARMA,0.0,0.0,0.0,0.0
VIDAKEM LIFESCI.,0.0,0.0,0.0,0.0
VITABOLIK PHARMA,0.4,0.0,-1.0,0.0
VOTARY LAB,0.0,0.0,0.0,0.0
WALLACE*,2.4,3.6,0.22474487139158894,0.00015498135918652004
WALRON HEALTHCARE,0.0,6.3,0.0,0.0002712173785764101
WANBURY,0.0,0.0,0.0,0.0
WILBURT REMEDIES,0.0,0.0,0.0,0.0
WINGS PHARMA,3.1999999999999997,3.1,-0.01574901574852361,0.0001334561704106145
WOCKHARDT LTD*,1.0,1.0,0.0,4.305037755181113e-05
WONSET HEALTHCARE,0.1,2.2,3.6904157598234297,9.471083061398449e-05
XENA CORONUS HEAL.,0.5,1.3,0.61245154965971,5.596549081735446e-05
ZYDUS CADILA*,645.9,974.7,0.22843686430627086,0.041961202999750306
