MOLECULE_DESC,MAT FEB'24,MAT FEB'26,QTY MAT FEB'26,CAGR,Market Share
ACETYLSALICYLIC ACID + ATENOLOL + HYDROCHLOROTHIAZIDE + RAMIPRIL + SIMVASTATIN,4.6,4.1,1638,-0.05591083693006682,0.00017650654796242562
ACETYLSALICYLIC ACID + ATORVASTATIN CALCIUM SALT,444.90000000000003,569.9,1522880,0.1317959241558153,0.024534410166777165
ACETYLSALICYLIC ACID + ATORVASTATIN CALCIUM SALT + CLOPIDOGREL,12.9,17.6,26521,0.1680501210441776,0.000757686644911876
ACETYLSALICYLIC ACID + ATORVASTATIN CALCIUM SALT + CLOPIDOGREL BESILATE,3.1,4.0,7230,0.13592366849412962,0.00017220151020724454
ACETYLSALICYLIC ACID + ATORVASTATIN CALCIUM SALT + CLOPIDOGREL BISULFATE,332.09999999999997,403.59999999999997,486099,0.10240491536024021,0.017375132379910972
ACETYLSALICYLIC ACID + ATORVASTATIN CALCIUM SALT + METOPROLOL TARTRATE + RAMIPRIL,0.0,0.0,0,0.0,0.0
ACETYLSALICYLIC ACID + ATORVASTATIN CALCIUM SALT + RAMIPRIL,13.6,14.6,34934,0.0361126443416786,0.0006285355122564425
ACETYLSALICYLIC ACID + CLOPIDOGREL + ROSUVASTATIN CALCIUM SALT,76.0,89.2,48905,0.08336707099962926,0.003840093677621553
ACETYLSALICYLIC ACID + CLOPIDOGREL BESILATE + ROSUVASTATIN CALCIUM SALT,10.1,14.4,8262,0.19404462825198698,0.0006199254367460803
ACETYLSALICYLIC ACID + CLOPIDOGREL BISULFATE + ROSUVASTATIN CALCIUM SALT,447.1,566.7,306413,0.12583376991324724,0.02439664895861137
ACETYLSALICYLIC ACID + ISOSORBIDE MONONITRATE,0.0,0.0,1,0.0,0.0
ACETYLSALICYLIC ACID + ROSUVASTATIN CALCIUM SALT,233.7,307.1,380455,0.1463323591441017,0.0132207709461612
ACETYLSALICYLIC ACID CALCIUM SALT + ATORVASTATIN CALCIUM SALT + CLOPIDOGREL BISULFATE,3.4,33.4,30913,2.134251012884052,0.0014378826102304917
ACETYLSALICYLIC ACID CALCIUM SALT + CLOPIDOGREL BISULFATE + ROSUVASTATIN CALCIUM SALT,0.0,0.0,42,0.0,0.0
ACETYLSALICYLIC ACID LYSIN SALT + CLOPIDOGREL BISULFATE + ROSUVASTATIN CALCIUM SALT,0.3,0.3,220,0.0,1.291511326554334e-05
ACETYLSALICYLIC ACID LYSIN SALT + ROSUVASTATIN CALCIUM SALT,0.8,1.7,2674,0.4577379737113252,7.318564183807893e-05
ALLIUM SATIVUM,6.1,6.8999999999999995,45500,0.06355420218416996,0.0002970476051074968
ALLIUM SATIVUM + CAMELLIA SINENSIS + COMMIPHORA WIGHTII EXTRACT + TERMINALIA ARJUNA + ZINGIBER OFFICINALE,0.0,0.0,56,0.0,0.0
ALLIUM SATIVUM + CINNAMOMUM ZEYLANICUM + COMMIPHORA WIGHTII + PHYLLANTHUS EMBLICA + TERMINALIA ARJUNA,0.0,0.0,143,0.0,0.0
ALLIUM SATIVUM + ECLIPTA PROSTRATA + TERMINALIA ARJUNA,0.0,0.0,0,0.0,0.0
ALLIUM SATIVUM EXTRACT + LEVOCARNITINE HYDROCHLORIDE + LINUM USITATISSIMUM + MULTIVITAMINS AND MINERALS + UBIDECARENONE,0.0,0.0,0,0.0,0.0
ALLIUM SATIVUM EXTRACT + TERMINALIA ARJUNA EXTRACT,0.0,0.1,162,0.0,4.3050377551811136e-06
ALLIUM SATIVUM OIL,0.1,0.0,333,-1.0,0.0
ALLIUM SATIVUM POWDER + CURCUMA LONGA POWDER + NEPETA HINDOSTANA EXTRACT,0.2,0.2,945,0.0,8.610075510362227e-06
AMILORIDE HYDROCHLORIDE + ATENOLOL + HYDROCHLOROTHIAZIDE,0.0,0.0,0,0.0,0.0
AMILORIDE HYDROCHLORIDE + FUROSEMIDE,4.4,4.5,45436,0.011299793694863114,0.00019372669898315008
AMILORIDE HYDROCHLORIDE + HYDROCHLOROTHIAZIDE,0.1,0.0,161,-1.0,0.0
AMILORIDE HYDROCHLORIDE + TORASEMIDE,2.5,2.1,2881,-0.0834848610088319,9.040579285880338e-05
AMLODIPINE,1.1,1.0,4990,-0.04653741075440765,4.3050377551811134e-05
AMLODIPINE + ATENOLOL,1.1,0.9,1705,-0.09546596626670911,3.874533979663002e-05
AMLODIPINE + CHLORTALIDONE,3.2,3.1,2506,-0.01574901574852361,0.00013345617041061452
AMLODIPINE + CHLORTALIDONE + LOSARTAN POTASSIUM SALT,4.5,4.5,5080,0.0,0.00019372669898315008
AMLODIPINE + CHLORTALIDONE + OLMESARTAN MEDOXOMIL,16.4,18.200000000000003,10495,0.05344961795093739,0.0007835168714429628
AMLODIPINE + CHLORTALIDONE + TELMISARTAN,25.0,30.8,24381,0.10995495404092859,0.001325951628595783
AMLODIPINE + HYDROCHLOROTHIAZIDE + LOSARTAN POTASSIUM SALT,0.0,0.0,0,0.0,0.0
AMLODIPINE + HYDROCHLOROTHIAZIDE + OLMESARTAN MEDOXOMIL,28.6,23.6,19342,-0.0916086607772919,0.0010159889102227429
AMLODIPINE + HYDROCHLOROTHIAZIDE + TELMISARTAN,169.8,210.2,212302,0.11262166656474237,0.0090491893613907
AMLODIPINE + HYDROCHLOROTHIAZIDE + VALSARTAN,0.0,0.0,0,0.0,0.0
AMLODIPINE + LISINOPRIL,0.0,0.0,0,0.0,0.0
AMLODIPINE + LOSARTAN POTASSIUM SALT,4.8999999999999995,4.8,13639,-0.010256681389212985,0.00020664181224869344
AMLODIPINE + METOPROLOL SUCCINATE,9.1,8.700000000000001,8195,-0.022224997228935006,0.0003745382847007569
AMLODIPINE + METOPROLOL TARTRATE,11.1,11.6,22167,0.02227444702733572,0.0004993843796010091
AMLODIPINE + OLMESARTAN MEDOXOMIL,38.0,38.4,31273,0.00524937990006924,0.0016531344979895475
AMLODIPINE + PERINDOPRIL ERBUMINE,0.1,0.0,30,-1.0,0.0
AMLODIPINE + TELMISARTAN,282.8,281.0,342048,-0.0031875413130644237,0.012097156092058928
AMLODIPINE BESILATE,443.6,462.0,2685752,0.020528691286287648,0.019889274428936742
AMLODIPINE BESILATE + ATENOLOL,688.6999999999999,758.4000000000001,1992720,0.049383232741635696,0.03264940633529357
AMLODIPINE BESILATE + ATORVASTATIN CALCIUM SALT,0.0,0.0,0,0.0,0.0
AMLODIPINE BESILATE + BENAZEPRIL HYDROCHLORIDE,0.0,0.0,0,0.0,0.0
AMLODIPINE BESILATE + BISOPROLOL FUMARATE,83.6,119.7,140562,0.19658605282619845,0.005153130192951792
AMLODIPINE BESILATE + CHLORTALIDONE,0.0,0.0,0,0.0,0.0
AMLODIPINE BESILATE + CHLORTALIDONE + OLMESARTAN MEDOXOMIL,5.4,6.5,4188,0.0971343143406389,0.0002798274540867724
AMLODIPINE BESILATE + CHLORTALIDONE + TELMISARTAN,48.4,73.9,59771,0.2356615653698353,0.0031814229010788428
AMLODIPINE BESILATE + ENALAPRIL MALEATE,4.8,4.1,5197,-0.07578862446588197,0.00017650654796242562
AMLODIPINE BESILATE + HYDROCHLOROTHIAZIDE,39.5,39.9,70794,0.005050537176355618,0.001717710064317264
AMLODIPINE BESILATE + HYDROCHLOROTHIAZIDE + LOSARTAN POTASSIUM SALT,5.6,7.3,6047,0.14174052593898434,0.00031426775612822125
AMLODIPINE BESILATE + HYDROCHLOROTHIAZIDE + OLMESARTAN MEDOXOMIL,99.7,114.39999999999999,62153,0.07118734448318742,0.004924963191927193
AMLODIPINE BESILATE + HYDROCHLOROTHIAZIDE + TELMISARTAN,187.9,256.2,302816,0.16768626725390967,0.011029506728774011
AMLODIPINE BESILATE + INDAPAMIDE,11.7,12.8,10036,0.045952720736981645,0.0005510448326631825
AMLODIPINE BESILATE + INDAPAMIDE + PERINDOPRIL ERBUMINE,5.9,7.3,4135,0.11233454301896972,0.00031426775612822125
AMLODIPINE BESILATE + LISINOPRIL,15.7,11.4,12113,-0.1478763882619325,0.0004907743040906469
AMLODIPINE BESILATE + LOSARTAN,2.6,2.4,1738,-0.03923107716947727,0.00010332090612434672
AMLODIPINE BESILATE + LOSARTAN POTASSIUM SALT,62.49999999999999,59.300000000000004,62675,-0.025936347049126285,0.0025528873888224003
AMLODIPINE BESILATE + METOPROLOL SUCCINATE,213.9,228.20000000000002,217632,0.03288608759108769,0.009824096157323301
AMLODIPINE BESILATE + METOPROLOL SUCCINATE + TELMISARTAN,0.0,6.3999999999999995,5362,0.0,0.0002755224163315912
AMLODIPINE BESILATE + METOPROLOL TARTRATE,63.9,68.4,77237,0.03461226322292732,0.0029446458245438816
AMLODIPINE BESILATE + METOPROLOL TARTRATE + TELMISARTAN,1.9000000000000001,12.3,10653,1.5443435716361726,0.0005295196438872769
AMLODIPINE BESILATE + NEBIVOLOL HYDROCHLORIDE,11.5,12.5,10657,0.0425720702853738,0.0005381297193976392
AMLODIPINE BESILATE + OLMESARTAN MEDOXOMIL,91.1,95.8,64938,0.025471431839624525,0.0041242261694635065
AMLODIPINE BESILATE + PERINDOPRIL ERBUMINE,18.3,18.5,9663,0.005449631631855523,0.0007964319847085059
AMLODIPINE BESILATE + RAMIPRIL,13.9,12.8,7935,-0.04038376975349256,0.0005510448326631825
AMLODIPINE BESILATE + TELMISARTAN,795.0,1093.1,1095135,0.17259053102910538,0.04705836770188474
AMLODIPINE BESILATE + VALSARTAN,0.5,0.3,492,-0.2254033307585166,1.291511326554334e-05
AMLODIPINE MALEATE + CHLORTALIDONE + OLMESARTAN MEDOXOMIL,0.8,0.8,579,0.0,3.444030204144891e-05
AMLODIPINE MALEATE + HYDROCHLOROTHIAZIDE + OLMESARTAN MEDOXOMIL,0.0,0.1,71,0.0,4.3050377551811136e-06
AMLODIPINE MALEATE + NEBIVOLOL HYDROCHLORIDE,7.5,8.2,7957,0.04562580942387484,0.00035301309592485124
ASCORBIC ACID + BETA VULGARIS + CITRULLINE + CRATAEGUS LAEVIGATA + FOLIC ACID + MECOBALAMIN + SODIUM NITRITE + UBIQUINOL,0.0,0.0,0,0.0,0.0
ATENOLOL + ATORVASTATIN CALCIUM SALT + LOSARTAN POTASSIUM SALT + SALICYLIC ACID,0.0,0.0,0,0.0,0.0
ATENOLOL + BENIDIPINE HYDROCHLORIDE,0.0,0.0,0,0.0,0.0
ATENOLOL + CHLORTALIDONE,24.4,24.3,37181,-0.0020512842113266094,0.0010461241745090106
ATENOLOL + HYDROCHLOROTHIAZIDE,1.9000000000000001,1.6,1918,-0.08233706451775291,6.888060408289782e-05
ATENOLOL + HYDROCHLOROTHIAZIDE + LOSARTAN POTASSIUM SALT,6.800000000000001,6.2,4342,-0.045136289367769034,0.00026691234082122905
ATENOLOL + INDAPAMIDE,6.6,6.3,6575,-0.02299157908160554,0.0002712173785764101
ATENOLOL + LERCANIDIPINE HYDROCHLORIDE,0.0,0.0,5,0.0,0.0
ATENOLOL + LEVAMLODIPINE BESILATE,45.7,43.0,53056,-0.029990187060396467,0.0018511662347278786
ATENOLOL + LOSARTAN,0.0,0.0,0,0.0,0.0
ATENOLOL + LOSARTAN POTASSIUM SALT,13.2,11.8,8161,-0.054516317465291175,0.0005079944551113714
ATENOLOL + NIFEDIPINE,11.4,11.8,11856,0.017392608238454788,0.0005079944551113714
ATENOLOL + NITRENDIPINE,0.0,0.0,0,0.0,0.0
ATORVASTATIN CALCIUM SALT,880.0,989.1,1449291,0.06017794389775566,0.04258112843649639
ATORVASTATIN CALCIUM SALT + BEMPEDOIC ACID,0.5,0.0,5,-1.0,0.0
ATORVASTATIN CALCIUM SALT + CHOLINE FENOFIBRATE,0.0,0.0,8,0.0,0.0
ATORVASTATIN CALCIUM SALT + CLOPIDOGREL,9.3,11.2,10060,0.09740652233746872,0.0004821642285802846
ATORVASTATIN CALCIUM SALT + CLOPIDOGREL BESILATE,2.5999999999999996,3.2,3302,0.1094003924504583,0.00013776120816579563
ATORVASTATIN CALCIUM SALT + CLOPIDOGREL BISULFATE,352.5,432.40000000000003,256989,0.10754984838907666,0.018614983253403133
ATORVASTATIN CALCIUM SALT + COLECALCIFEROL,19.3,16.7,12715,-0.06979304770751993,0.0007189413051152459
ATORVASTATIN CALCIUM SALT + COLECALCIFEROL + CYANOCOBALAMIN + FOLIC ACID + PYRIDOXAL 5-PHOSPHATE,0.0,0.0,0,0.0,0.0
ATORVASTATIN CALCIUM SALT + EZETIMIBE,45.7,91.3,38567,0.41343971084463305,0.0039304994704803566
ATORVASTATIN CALCIUM SALT + EZETIMIBE + FENOFIBRATE,4.4,5.8,2537,0.14812099457409889,0.00024969218980050456
ATORVASTATIN CALCIUM SALT + FENOFIBRATE,210.0,258.4,172649,0.10926831311283314,0.011124217559387995
ATORVASTATIN CALCIUM SALT + FENOFIBRIC ACID,0.0,0.0,16,0.0,0.0
ATORVASTATIN CALCIUM SALT + FOLIC ACID + MECOBALAMIN + PYRIDOXINE HYDROCHLORIDE,0.0,0.0,7,0.0,0.0
ATORVASTATIN CALCIUM SALT + LEVAMLODIPINE BESILATE,0.5,0.7,569,0.18321595661992318,3.013526428626779e-05
ATORVASTATIN CALCIUM SALT + METOPROLOL TARTRATE + RAMIPRIL,0.0,0.0,0,0.0,0.0
ATORVASTATIN CALCIUM SALT + NICOTINIC ACID,0.8,0.7,407,-0.06458565330651467,3.013526428626779e-05
ATORVASTATIN CALCIUM SALT + OLMESARTAN MEDOXOMIL,0.0,0.0,9,0.0,0.0
ATORVASTATIN CALCIUM SALT + RAMIPRIL,5.1,4.8,2356,-0.029857499854668124,0.00020664181224869344
ATORVASTATIN CALCIUM SALT + RAMIPRIL + S-METOPROLOL TARTRATE,0.1,0.0,0,-1.0,0.0
ATORVASTATIN CALCIUM SALT + TELMISARTAN,9.1,10.899999999999999,6185,0.0944415004020076,0.0004692491153147413
AZELNIDIPINE,26.0,28.4,25275,0.045135250724848586,0.0012226307224714361
AZELNIDIPINE + CHLORTALIDONE,0.0,0.0,0,0.0,0.0
AZELNIDIPINE + METOPROLOL TARTRATE,0.0,0.7,578,0.0,3.013526428626779e-05
AZELNIDIPINE + OLMESARTAN MEDOXOMIL,6.3,5.4,3610,-0.07417990022744847,0.00023247203877978012
AZELNIDIPINE + TELMISARTAN,23.8,24.6,18246,0.016667814666202263,0.0010590392877745539
AZILSARTAN MEDOXOMIL,35.1,27.0,23424,-0.1229419806929708,0.0011623601938989005
AZILSARTAN MEDOXOMIL + CHLORTALIDONE,12.6,9.4,7062,-0.13626870727537832,0.00040467354898702466
AZILSARTAN MEDOXOMIL + CILNIDIPINE,1.9,1.5,1139,-0.1114766833613614,6.45755663277167e-05
AZILSARTAN MEDOXOMIL POTASSIUM SALT + CHLORTALIDONE,0.0,0.0,4,0.0,0.0
BEMPEDOIC ACID,11.0,12.9,6970,0.08292533109502642,0.0005553498704183636
BEMPEDOIC ACID + EZETIMIBE,5.8,25.7,11242,1.105002252435522,0.001106394703081546
BEMPEDOIC ACID + ROSUVASTATIN CALCIUM SALT,7.3,18.400000000000002,5606,0.5876233637753885,0.0007921269469533249
BENAZEPRIL HYDROCHLORIDE,0.0,0.0,0,0.0,0.0
BENIDIPINE HYDROCHLORIDE,40.4,35.5,44221,-0.06260314098716513,0.0015282884030892953
BENIDIPINE HYDROCHLORIDE + CHLORTALIDONE,1.9999999999999998,1.7,1486,-0.07804555427071125,7.318564183807893e-05
BENIDIPINE HYDROCHLORIDE + CHLORTALIDONE + TELMISARTAN,3.5,3.5,2674,0.0,0.00015067632143133896
BENIDIPINE HYDROCHLORIDE + METOPROLOL SUCCINATE,5.0,3.5999999999999996,3107,-0.15147186257614298,0.00015498135918652007
BENIDIPINE HYDROCHLORIDE + METOPROLOL TARTRATE,0.4,1.0,706,0.5811388300841898,4.3050377551811134e-05
BENIDIPINE HYDROCHLORIDE + NEBIVOLOL HYDROCHLORIDE,0.0,0.3,201,0.0,1.291511326554334e-05
BENIDIPINE HYDROCHLORIDE + TELMISARTAN,8.799999999999999,9.6,8589,0.044465935734187,0.0004132836244973869
BENZTHIAZIDE + TRIAMTERENE,0.0,0.0,0,0.0,0.0
BISOPROLOL + TELMISARTAN,0.0,0.1,129,0.0,4.3050377551811136e-06
BISOPROLOL FUMARATE + HYDROCHLOROTHIAZIDE,27.6,34.5,36301,0.1180339887498949,0.001485238025537484
BISOPROLOL FUMARATE + PERINDOPRIL,0.0,3.2,1777,0.0,0.00013776120816579563
BISOPROLOL FUMARATE + TELMISARTAN,37.300000000000004,138.3,134888,0.92555830836867,0.00595386721541548
CANDESARTAN CILEXETIL,0.0,0.0,0,0.0,0.0
CARVEDILOL + IVABRADINE HYDROBROMIDE,0.4,0.0,18,-1.0,0.0
CARVEDILOL + IVABRADINE HYDROCHLORIDE,1.4,0.30000000000000004,299,-0.5370899501137243,1.2915113265543342e-05
CHLORTALIDONE + CILNIDIPINE,15.6,18.6,16898,0.09192842819833769,0.0008007370224636871
CHLORTALIDONE + CILNIDIPINE + METOPROLOL SUCCINATE,2.6,2.7,1851,0.01904933073013626,0.00011623601938989006
CHLORTALIDONE + CILNIDIPINE + OLMESARTAN MEDOXOMIL,68.3,74.7,45021,0.04580315833030735,0.0032158632031202916
CHLORTALIDONE + CILNIDIPINE + TELMISARTAN,167.70000000000002,249.2,190294,0.2190106157600591,0.010728154085911334
CHLORTALIDONE + EFONIDIPINE HYDROCHLORIDE,0.1,0.1,44,0.0,4.3050377551811136e-06
CHLORTALIDONE + LOSARTAN POTASSIUM SALT,5.1,4.7,5064,-0.04001634000834131,0.00020233677449351233
CHLORTALIDONE + METOPROLOL SUCCINATE,21.2,25.3,24409,0.09242676020641971,0.0010891745520608216
CHLORTALIDONE + METOPROLOL SUCCINATE + TELMISARTAN,40.400000000000006,62.1,52673,0.23980995030338703,0.0026734284459674715
CHLORTALIDONE + METOPROLOL TARTRATE,1.5,1.9,1894,0.12546286774227555,8.179571734844114e-05
CHLORTALIDONE + METOPROLOL TARTRATE + TELMISARTAN,12.3,26.8,23258,0.47609680868765714,0.0011537501183885384
CHLORTALIDONE + NEBIVOLOL HYDROCHLORIDE,0.0,0.0,12,0.0,0.0
CHLORTALIDONE + OLMESARTAN MEDOXOMIL,92.4,89.3,56670,-0.016918001156456808,0.003844398715376734
CHLORTALIDONE + RAMIPRIL,0.0,0.0,1,0.0,0.0
CHLORTALIDONE + S-METOPROLOL SUCCINATE,0.0,0.0,2,0.0,0.0
CHLORTALIDONE + TELMISARTAN,522.7,639.5,573522,0.10609906282834602,0.027530716444383218
CHLORTALIDONE SODIUM SALT + CILNIDIPINE + TELMISARTAN,0.8,1.2,1114,0.22474487139158894,5.166045306217336e-05
CHLORTALIDONE SODIUM SALT + METOPROLOL SUCCINATE + TELMISARTAN,24.0,31.7,26073,0.14927513387062086,0.0013646969683924128
CHLORTALIDONE SODIUM SALT + METOPROLOL TARTRATE + TELMISARTAN,2.7,6.4,6193,0.5396007178390021,0.00027552241633159127
CHLORTALIDONE SODIUM SALT + TELMISARTAN,0.0,0.0,14,0.0,0.0
CHOLINE FENOFIBRATE + ROSUVASTATIN CALCIUM SALT,4.0,4.3,1943,0.03682206766638596,0.00018511662347278786
CILNIDIPINE,715.6,975.6,1038103,0.16761786132922163,0.04199994833954694
CILNIDIPINE + METOPROLOL FUMARATE + TELMISARTAN,0.0,0.7,777,0.0,3.013526428626779e-05
CILNIDIPINE + METOPROLOL SUCCINATE,64.8,84.6,72804,0.1426091000668408,0.0036420619408832214
CILNIDIPINE + METOPROLOL SUCCINATE + TELMISARTAN,94.2,160.6,139954,0.3057117703292027,0.0069138906348208675
CILNIDIPINE + METOPROLOL TARTRATE,29.2,38.4,37511,0.14676435816199174,0.0016531344979895475
CILNIDIPINE + METOPROLOL TARTRATE + TELMISARTAN,38.3,70.7,64215,0.3586585305406824,0.0030436616929130473
CILNIDIPINE + NEBIVOLOL HYDROCHLORIDE,45.9,56.6,42648,0.11045732399295116,0.00243665136943251
CILNIDIPINE + OLMESARTAN MEDOXOMIL,21.3,23.0,16176,0.03914012845851067,0.0009901586836916561
CILNIDIPINE + TELMISARTAN,473.40000000000003,758.8,662882,0.2660461424497915,0.032666626486314285
CISSUS QUADRANGULARIS + OCIMUM GRATISSIMUM + PHYLLANTHUS EMBLICA + TERMINALIA ARJUNA EXTRACT,0.0,0.0,4,0.0,0.0
CLONIDINE + HYDROCHLOROTHIAZIDE,0.8,1.1,4873,0.17260393995585743,4.735541530699225e-05
CLONIDINE HYDROCHLORIDE,60.0,92.3,395661,0.24029566367593702,0.003973549848032168
CLOPIDOGREL + ROSUVASTATIN CALCIUM SALT,72.3,96.39999999999999,46100,0.15470053837925146,0.004150056395994593
CLOPIDOGREL BISULFATE + ROSUVASTATIN CALCIUM SALT,224.8,322.9,221490,0.1984940134835349,0.013900966911479814
CLOPIDOGREL BISULFATE + ROSUVASTATIN CALCIUM SALT + SALICYLIC ACID,0.0,0.0,5,0.0,0.0
COLECALCIFEROL + LEVOMEFOLIC ACID + MECOBALAMIN + PYRIDOXAL 5-PHOSPHATE + ROSUVASTATIN CALCIUM SALT,1.7,0.4,227,-0.5149287499273341,1.7220151020724454e-05
COLECALCIFEROL + LEVOMEFOLIC ACID CALCIUM SALT + MECOBALAMIN + PYRIDOXAL 5-PHOSPHATE + ROSUVASTATIN CALCIUM SALT,0.3,0.9,483,0.7320508075688772,3.874533979663002e-05
COLECALCIFEROL + ROSUVASTATIN CALCIUM SALT,7.9,5.7,3664,-0.150577262288222,0.00024538715204532345
COLESTYRAMINE,5.2,8.7,6440,0.2934747477538644,0.00037453828470075684
COMMIPHORA MOLMOL + HIPPOPHAE RHAMNOIDES + INULA RACEMOSA + TERMINALIA ARJUNA,0.0,0.0,10,0.0,0.0
COMMIPHORA MOLMOL + INULA RACEMOSA + TERMINALIA ARJUNA,1.0,1.2,1539,0.09544511501033215,5.166045306217336e-05
COMMIPHORA WIGHTII,1.0,1.5,3337,0.22474487139158894,6.45755663277167e-05
COMMIPHORA WIGHTII + GARCINIA CAMBOGIA,0.4,0.7,1434,0.32287565553229514,3.013526428626779e-05
COMMIPHORA WIGHTII + GARCINIA INDICA + TERMINALIA CHEBULA,0.0,0.0,2,0.0,0.0
DIAZEPAM + PROPRANOLOL HYDROCHLORIDE,1.5,1.1,2834,-0.1436511614223247,4.735541530699225e-05
DIHYDRALAZINE SULFATE,11.9,18.8,23718,0.2569136536664358,0.0008093470979740493
DIHYDRALAZINE SULFATE + HYDROCHLOROTHIAZIDE + RESERPINE,0.0,0.0,2,0.0,0.0
DILTIAZEM HYDROCHLORIDE,126.60000000000001,147.7,190706,0.08012344973464325,0.006358540764402503
DOCONEXENT + ICOSAPENT + PHYTOSTEROLS (UNSPECIFIED),0.0,0.0,0,0.0,0.0
DOXAZOSIN MESILATE,0.0,0.0,0,0.0,0.0
EFONIDIPINE HYDROCHLORIDE,14.5,14.6,14225,0.0034423509719618828,0.0006285355122564425
EFONIDIPINE HYDROCHLORIDE + METOPROLOL SUCCINATE,1.2,1.7,1020,0.19023807142380833,7.318564183807893e-05
EFONIDIPINE HYDROCHLORIDE + TELMISARTAN,2.6,3.6,3123,0.17669681082910427,0.00015498135918652007
ENALAPRIL MALEATE,52.800000000000004,42.6,163624,-0.10176941611956802,0.0018339460837071542
ENALAPRIL MALEATE + HYDROCHLOROTHIAZIDE,5.8,5.5,6382,-0.026205431279797353,0.00023677707653496123
ENALAPRIL MALEATE + LOSARTAN POTASSIUM SALT,0.0,0.0,14,0.0,0.0
EVOLOCUMAB RECOMBINANT,9.7,12.1,7,0.11688078164698101,0.0005209095683769147
EZETIMIBE,28.599999999999998,52.9,33097,0.3600185107748901,0.002277364972490809
EZETIMIBE + ROSUVASTATIN CALCIUM SALT,49.9,183.1,80772,0.9155517944850016,0.007882524129736617
EZETIMIBE + SIMVASTATIN,0.0,0.0,0,0.0,0.0
FELODIPINE,0.0,0.0,0,0.0,0.0
FENOFIBRATE,75.7,97.0,57322,0.1319778461266512,0.00417588662252568
FENOFIBRATE + ROSUVASTATIN CALCIUM SALT,470.5,642.7,321112,0.16875729893099,0.027668477652549015
FENOFIBRIC ACID,10.7,14.3,9166,0.15604870058784348,0.0006156203989908992
FIMASARTAN,0.0,0.0,0,0.0,0.0
FLUVASTATIN SODIUM SALT,0.0,0.0,0,0.0,0.0
FUROSEMIDE + POTASSIUM CHLORIDE,0.7,0.5,847,-0.15484574527148343,2.1525188775905567e-05
GARCINIA CAMBOGIA,0.0,0.0,39,0.0,0.0
GEMFIBROZIL,3.4,2.9,1209,-0.07645185481720107,0.00012484609490025228
HYDRALAZINE HYDROCHLORIDE,0.0,0.4,7,0.0,1.7220151020724454e-05
HYDRALAZINE HYDROCHLORIDE + ISOSORBIDE DINITRATE,46.199999999999996,69.5,66518,0.22651090673055352,0.0029920012398508737
HYDROCHLOROTHIAZIDE + IRBESARTAN,0.1,0.0,13,-1.0,0.0
HYDROCHLOROTHIAZIDE + LEVAMLODIPINE BESILATE,14.2,13.3,16366,-0.03220884571625726,0.0005725700214390881
HYDROCHLOROTHIAZIDE + LEVAMLODIPINE BESILATE + LOSARTAN POTASSIUM SALT,0.0,0.0,13,0.0,0.0
HYDROCHLOROTHIAZIDE + LEVAMLODIPINE BESILATE + OLMESARTAN MEDOXOMIL,1.0,0.9,593,-0.05131670194948623,3.874533979663002e-05
HYDROCHLOROTHIAZIDE + LISINOPRIL,1.3,1.1,1082,-0.08013378899220014,4.735541530699225e-05
HYDROCHLOROTHIAZIDE + LOSARTAN,2.6,2.3,4705,-0.05946005687403977,9.90158683691656e-05
HYDROCHLOROTHIAZIDE + LOSARTAN POTASSIUM SALT,211.7,200.29999999999998,210894,-0.027297469641951455,0.00862299062362777
HYDROCHLOROTHIAZIDE + LOSARTAN POTASSIUM SALT + RAMIPRIL,0.0,0.0,19,0.0,0.0
HYDROCHLOROTHIAZIDE + METOPROLOL SUCCINATE,12.4,12.3,13154,-0.0040404205636818125,0.0005295196438872769
HYDROCHLOROTHIAZIDE + METOPROLOL TARTRATE,0.2,0.2,198,0.0,8.610075510362227e-06
HYDROCHLOROTHIAZIDE + MOXONIDINE,0.0,0.0,0,0.0,0.0
HYDROCHLOROTHIAZIDE + NEBIVOLOL HYDROCHLORIDE,26.5,28.4,21053,0.0352285318747485,0.0012226307224714361
HYDROCHLOROTHIAZIDE + OLMESARTAN MEDOXOMIL,139.1,137.70000000000002,97366,-0.005045077228865824,0.005928036988884394
HYDROCHLOROTHIAZIDE + QUINAPRIL HYDROCHLORIDE,0.0,0.0,0,0.0,0.0
HYDROCHLOROTHIAZIDE + RAMIPRIL,36.0,29.7,18849,-0.09170489377075253,0.0012785962132887906
HYDROCHLOROTHIAZIDE + S-METOPROLOL SUCCINATE,6.9,7.2,4751,0.0215078369104984,0.00030996271837304014
HYDROCHLOROTHIAZIDE + TELMISARTAN,881.5,1062.3,1007350,0.09777271544262645,0.04573241607328896
HYDROCHLOROTHIAZIDE + VALSARTAN,6.3999999999999995,6.3,2621,-0.007843258350778481,0.0002712173785764101
HYDROFLUMETHIAZIDE + SPIRONOLACTONE,0.0,0.0,0,0.0,0.0
INCLISIRAN SODIUM SALT,2.3,60.2,10,4.11604466785409,0.00259163272861903
INDAPAMIDE + NEBIVOLOL HYDROCHLORIDE,2.3,2.2,1150,-0.021980706156348395,9.47108306139845e-05
INDAPAMIDE + OLMESARTAN MEDOXOMIL,5.199999999999999,9.0,4445,0.315587028960544,0.00038745339796630016
INDAPAMIDE + PERINDOPRIL ERBUMINE,14.7,14.399999999999999,7346,-0.010256681389212985,0.0006199254367460803
INDAPAMIDE + TELMISARTAN,9.5,12.7,9633,0.1562188829383293,0.0005467397949080014
IRBESARTAN,2.3,2.3,1430,0.0,9.90158683691656e-05
ISOSORBIDE DINITRATE,19.4,19.9,299749,0.012804618806751211,0.0008567025132810415
ISOSORBIDE MONONITRATE,76.60000000000001,70.6,171664,-0.03996301202674368,0.003039356655157866
ISOSORBIDE MONONITRATE + METOPROLOL SUCCINATE,0.0,0.0,1,0.0,0.0
LERCANIDIPINE HYDROCHLORIDE,3.4,3.1,3369,-0.04513628936776892,0.00013345617041061452
LEVAMLODIPINE BESILATE,135.70000000000002,129.0,215759,-0.02499929142364621,0.005553498704183636
LEVAMLODIPINE BESILATE + LISINOPRIL,0.0,0.0,0,0.0,0.0
LEVAMLODIPINE BESILATE + LOSARTAN POTASSIUM SALT,7.7,6.4,3743,-0.08831538832289643,0.00027552241633159127
LEVAMLODIPINE BESILATE + NEBIVOLOL HYDROCHLORIDE,51.4,54.7,29186,0.03160182950126167,0.002354855652084069
LEVAMLODIPINE BESILATE + RAMIPRIL,0.0,0.0,0,0.0,0.0
LEVAMLODIPINE BESILATE + S-METOPROLOL SUCCINATE,14.8,18.3,11581,0.11197413930652478,0.0007878219091981437
LEVAMLODIPINE BESILATE + S-METOPROLOL TARTRATE,2.5,2.8,2519,0.05830052442583611,0.00012054105714507116
LEVAMLODIPINE BESILATE + TELMISARTAN,51.3,59.4,44622,0.07605517369794068,0.002557192426577581
LISINOPRIL,17.6,16.1,13991,-0.04356248124996309,0.0006931110785841593
LOSARTAN POTASSIUM SALT,219.0,227.4,423553,0.018997627270820328,0.009789655855281852
LOSARTAN POTASSIUM SALT + RAMIPRIL,1.4,0.9,587,-0.1982162742627268,3.874533979663002e-05
METHYLDOPA,0.0,0.0,2,0.0,0.0
METOPROLOL FUMARATE + TELMISARTAN,0.1,0.1,129,0.0,4.3050377551811136e-06
METOPROLOL SUCCINATE + OLMESARTAN MEDOXOMIL,14.7,14.0,10270,-0.024099927051466796,0.0006027052857253558
METOPROLOL SUCCINATE + RAMIPRIL,119.5,137.9,74351,0.0742322353185505,0.005936647064394756
METOPROLOL SUCCINATE + TELMISARTAN,367.5,463.7,379250,0.12328478467528137,0.01996246007077482
METOPROLOL TARTRATE + OLMESARTAN MEDOXOMIL,34.8,36.0,22076,0.017095255431215595,0.0015498135918652007
METOPROLOL TARTRATE + RAMIPRIL,17.6,18.6,10920,0.028016625263512784,0.0008007370224636871
METOPROLOL TARTRATE + TELMISARTAN,276.5,328.0,256522,0.08915415859899745,0.014120523836994052
MILRINONE LACTATE,15.2,14.2,1469,-0.03345433304173906,0.0006113153612357181
MINOXIDIL,10.1,10.7,3213,0.02927447291480978,0.0004606390398043791
MOXONIDINE,70.1,91.5,93077,0.1424877128604447,0.0039391095459907184
NEBIVOLOL HYDROCHLORIDE + TELMISARTAN,32.2,46.3,29670,0.19911975997302456,0.001993232480648855
NEBIVOLOL HYDROCHLORIDE + VALSARTAN,3.3,3.2,1321,-0.015268072165338098,0.00013776120816579563
NICORANDIL,370.7,482.7,281070,0.14110959303567627,0.020780417244259233
NIFEDIPINE,187.9,267.3,591891,0.19271337472682926,0.011507365919599116
NIMODIPINE,13.2,14.9,8373,0.06244429443989152,0.0006414506255219859
NITRENDIPINE,0.0,0.0,0,0.0,0.0
NITROGLYCERIN,437.2,503.2,682757,0.0728283454203753,0.02166294998407136
NITROPRUSSIDE SODIUM SALT,1.0,1.1,79,0.04880884817015163,4.735541530699225e-05
OLMESARTAN MEDOXOMIL,326.9,355.3,294772,0.042533798353654007,0.015295799144158496
PERINDOPRIL ERBUMINE,21.4,24.9,16912,0.07868039838923502,0.0010719544010400971
PHENOXYBENZAMINE HYDROCHLORIDE,0.4,0.30000000000000004,37,-0.1339745962155613,1.2915113265543342e-05
PHENYLEPHRINE HYDROCHLORIDE,5.0,5.4,1060,0.039230484541326494,0.00023247203877978012
PITAVASTATIN CALCIUM SALT,9.8,21.0,11694,0.4638501094227998,0.0009040579285880338
PRAZOSIN HYDROCHLORIDE,355.79999999999995,404.09999999999997,295982,0.06571591973900826,0.017396657568686878
RAMIPRIL,151.1,135.6,237463,-0.05267802312923042,0.005837631196025589
RAMIPRIL + TELMISARTAN,0.0,0.0,16,0.0,0.0
ROSUVASTATIN CALCIUM SALT,1395.4,1802.7,1223599,0.13661234851063941,0.07760691561264993
ROSUVASTATIN CALCIUM SALT + TELMISARTAN,14.7,19.3,9868,0.1458294681443777,0.0008308722867499549
S-METOPROLOL SUCCINATE + TELMISARTAN,20.2,25.4,17336,0.121349964361821,0.0010934795898160027
SAROGLITAZAR,191.1,537.6,155103,0.6772557387550693,0.023143882971853665
SIMVASTATIN,5.6000000000000005,5.2,3712,-0.036375888340568485,0.0002238619632694179
TELMISARTAN,1176.0,1436.3,3428189,0.10514412517778249,0.06183325727766633
TERAZOSIN HYDROCHLORIDE,4.8999999999999995,4.6,2065,-0.03109571669639022,0.0001980317367383312
TRADITIONAL INDIAN AYURVEDIC MEDICINE,1.8,4.4,66943,0.5634719199411433,0.000189421661227969
VALSARTAN,39.1,37.0,26026,-0.02722481523103104,0.0015928639694170119
VERAPAMIL HYDROCHLORIDE,19.8,28.4,152205,0.1976407785072427,0.0012226307224714361
