MOLECULE_DESC,MAT FEB'24,MAT FEB'26,Cipla Sales,Disease Score,Patent Score,Innovation Score,Guideline Score,Regulatory Score,External Score,Market Score,CAGR,Growth Score,Num Competitors,Competition Score,Future Score,Cipla Share,Right to Win Score,Confidence Score,Strategic Fit Score,Risk Score,Business Impact Score,Opportunity Score,Rank
AMLODIPINE + METOPROLOL SUCCINATE,9.1,8.700000000000001,4.6,9.9,7.7,9.8,4.1,9.0,8.1,0.04826094192045265,-0.022224997228935006,1.911193248399041,8,9.583333333333334,8.1,0.528735632183908,10.0,89.0,6.0,11.6,0.1,54.5,1
ACETYLSALICYLIC ACID + CLOPIDOGREL BESILATE + ROSUVASTATIN CALCIUM SALT,10.1,14.4,7.4,7.8,9.9,2.6,5.0,6.9,6.4,0.0798801797304044,0.19404462825198698,2.3339214290965633,4,9.821428571428571,6.4,0.513888888888889,9.719202898550726,91.8,5.9,18.9,0.2,51.8,2
INCLISIRAN SODIUM SALT,2.3,60.2,0.0,9.2,5.9,1.6,3.5,5.9,5.2,0.3339435291507184,4.11604466785409,10.0,4,9.821428571428571,5.2,0.0,0.0,89.4,0.1,24.9,3.3,46.0,3
FENOFIBRATE,75.7,97.0,27.7,8.6,9.5,3.6,8.4,6.4,7.3,0.5380817662395296,0.1319778461266512,2.21260352404518,11,9.404761904761905,7.3,0.28556701030927834,5.400941281936352,93.7,3.5,16.5,1.2,45.3,4
ROSUVASTATIN CALCIUM SALT,1395.4,1802.7,29.9,4.9,8.0,4.1,3.2,8.5,5.7,10.0,0.13661234851063941,2.221662284640271,137,1.904761904761905,5.7,0.016586231763465912,0.3136961224829423,94.0,4.2,62.0,22.2,44.3,5
AMLODIPINE BESILATE + ATENOLOL,688.6999999999999,758.4000000000001,104.10000000000001,8.0,5.4,4.6,6.3,8.1,6.5,4.207022799134632,0.049383232741635696,2.0511612014165554,70,5.892857142857143,6.5,0.13726265822784808,2.5960546230049535,88.5,3.2,38.0,8.6,41.7,6
ACETYLSALICYLIC ACID CALCIUM SALT + ATORVASTATIN CALCIUM SALT + CLOPIDOGREL BISULFATE,3.4,33.4,0.0,7.7,0.9,8.3,4.9,9.9,6.3,0.18527763909691017,2.134251012884052,6.12631674734518,1,10.0,6.3,0.0,0.0,93.2,0.1,18.5,1.1,40.3,7
SAROGLITAZAR,191.1,537.6,0.0,4.6,5.6,4.5,5.1,8.3,5.6,2.9821933766017636,0.6772557387550693,3.27842278096956,3,9.880952380952381,5.6,0.0,0.0,92.9,1.2,22.6,9.8,40.0,8
AMLODIPINE BESILATE + METOPROLOL TARTRATE + TELMISARTAN,1.9000000000000001,12.3,0.0,6.1,7.0,4.7,8.1,9.6,7.1,0.06823098685305376,1.5443435716361726,4.973263012387635,3,9.880952380952381,7.1,0.0,0.0,86.7,0.0,15.1,0.3,39.1,9
NICORANDIL,370.7,482.7,0.0,9.2,8.3,7.9,4.5,4.4,6.9,2.677650191379597,0.14110959303567627,2.2304527562194085,20,8.869047619047619,6.9,0.0,0.0,85.6,1.1,21.2,6.0,38.3,10
ACETYLSALICYLIC ACID + ATORVASTATIN CALCIUM SALT,444.90000000000003,569.9,1.5,4.9,5.5,8.1,6.7,7.9,6.6,3.1613690575248237,0.1317959241558153,2.2122479329926255,30,8.273809523809524,6.6,0.0026320407088962976,0.04977990036390824,94.5,1.3,25.6,7.0,38.0,11
PRAZOSIN HYDROCHLORIDE,355.79999999999995,404.09999999999997,0.0,8.6,5.5,5.1,8.1,7.2,6.9,2.241637543684473,0.06571591973900826,2.08308564316351,12,9.345238095238095,6.9,0.0,0.0,90.6,0.9,18.8,4.7,37.6,12
AMLODIPINE BESILATE + TELMISARTAN,795.0,1093.1,46.8,3.5,0.9,6.7,9.6,7.7,5.7,6.063682254396183,0.17259053102910538,2.29198649964279,123,2.738095238095238,5.7,0.04281401518616778,0.8097433306949126,88.8,2.9,57.8,13.9,36.9,13
METOPROLOL FUMARATE + TELMISARTAN,0.1,0.1,0.0,7.7,8.5,9.2,9.7,9.1,8.8,0.0005547234703500305,0.0,1.954635005990765,1,10.0,8.8,0.0,0.0,87.3,0.0,6.0,0.0,36.5,14
AMLODIPINE + TELMISARTAN,282.8,281.0,0.0,9.0,8.2,9.3,6.7,8.0,8.2,1.5587729516835858,-0.0031875413130644237,1.9484045261572076,31,8.214285714285714,8.2,0.0,0.0,86.5,0.6,17.9,3.0,36.5,15
HYDROCHLOROTHIAZIDE + S-METOPROLOL SUCCINATE,6.9,7.2,0.0,7.2,9.7,7.7,9.1,10.0,8.7,0.0399400898652022,0.0215078369104984,1.9966749769191656,1,10.0,8.7,0.0,0.0,93.6,0.0,6.5,0.1,36.5,16
TRADITIONAL INDIAN AYURVEDIC MEDICINE,1.8,4.4,0.0,7.2,9.9,8.3,4.3,9.6,7.9,0.024407832695401345,0.5634719199411433,3.0560169456005495,8,9.583333333333334,7.9,0.0,0.0,85.4,0.0,12.6,0.1,36.3,17
AMLODIPINE MALEATE + HYDROCHLOROTHIAZIDE + OLMESARTAN MEDOXOMIL,0.0,0.1,0.0,6.6,9.5,9.3,8.7,9.0,8.6,0.0005547234703500305,0.0,1.954635005990765,1,10.0,8.6,0.0,0.0,50.0,0.0,7.0,0.0,36.1,18
ATORVASTATIN CALCIUM SALT,880.0,989.1,34.6,9.4,4.2,1.7,3.1,9.6,5.6,5.4867698452321525,0.06017794389775566,2.0722609217218664,105,3.8095238095238093,5.6,0.034981296127792945,0.6616027745908668,93.8,2.6,53.0,11.4,36.1,19
COMMIPHORA MOLMOL + INULA RACEMOSA + TERMINALIA ARJUNA,1.0,1.2,0.0,9.5,8.7,6.6,8.1,9.2,8.4,0.006656681644200366,0.09544511501033215,2.1411953689407746,1,10.0,8.4,0.0,0.0,86.6,0.0,8.0,0.0,36.1,20
ALLIUM SATIVUM + ECLIPTA PROSTRATA + TERMINALIA ARJUNA,0.0,0.0,0.0,8.8,7.8,8.9,7.9,9.2,8.5,0.0,0.0,1.954635005990765,1,10.0,8.5,0.0,0.0,50.0,0.0,7.5,0.0,35.9,21
HYDROCHLOROTHIAZIDE + QUINAPRIL HYDROCHLORIDE,0.0,0.0,0.0,8.9,6.8,9.5,9.9,7.6,8.5,0.0,0.0,1.954635005990765,1,10.0,8.5,0.0,0.0,50.0,0.0,7.5,0.0,35.9,22
COLESTYRAMINE,5.2,8.7,0.0,7.2,7.5,9.4,6.3,8.1,7.7,0.048260941920452646,0.2934747477538644,2.5282710213247777,1,10.0,7.7,0.0,0.0,86.5,0.0,11.5,0.1,35.6,23
CILNIDIPINE,715.6,975.6,0.2,3.5,0.5,3.2,5.6,8.5,4.3,5.411882176734898,0.16761786132922163,2.2822667453741676,71,5.833333333333333,4.3,0.00020500205002050022,0.0038772126851703307,92.9,2.2,49.3,12.4,35.5,24
BEMPEDOIC ACID + ROSUVASTATIN CALCIUM SALT,7.3,18.400000000000002,0.0,4.3,8.8,6.7,7.6,9.2,7.3,0.10206911854440562,0.5876233637753885,3.103224203164185,8,9.583333333333334,7.3,0.0,0.0,87.5,0.0,15.6,0.3,35.4,25
HYDROCHLOROTHIAZIDE + MOXONIDINE,0.0,0.0,0.0,9.3,4.5,8.9,9.6,8.1,8.1,0.0,0.0,1.954635005990765,1,10.0,8.1,0.0,0.0,50.0,0.0,9.5,0.0,35.1,26
AMLODIPINE BESILATE,443.6,462.0,24.7,9.7,4.7,8.1,3.3,6.1,6.4,2.5628224330171405,0.020528691286287648,1.9947611046061202,58,6.607142857142857,6.4,0.05346320346320346,1.0111518915866744,90.5,1.6,35.0,5.1,35.1,27
NIMODIPINE,13.2,14.9,0.0,7.0,8.9,8.2,7.4,8.5,8.0,0.08265379708215455,0.06244429443989152,2.0766908098273715,4,9.821428571428571,8.0,0.0,0.0,86.1,0.0,10.9,0.2,35.1,28
ACETYLSALICYLIC ACID + ATORVASTATIN CALCIUM SALT + CLOPIDOGREL,12.9,17.6,1.6,5.4,4.5,5.8,6.5,8.2,6.1,0.09763133078160538,0.1680501210441776,2.2831116553446997,6,9.702380952380953,6.1,0.09090909090909091,1.7193675889328066,94.4,1.1,21.0,0.2,35.0,29
EZETIMIBE + ROSUVASTATIN CALCIUM SALT,49.9,183.1,1.0,6.2,6.3,5.3,8.1,5.7,6.3,1.0156986742109058,0.9155517944850016,3.7442045932888117,33,8.095238095238095,6.3,0.005461496450027308,0.10329351981573387,88.7,0.5,28.0,3.8,35.0,30
BENIDIPINE HYDROCHLORIDE + METOPROLOL TARTRATE,0.4,1.0,0.0,9.6,7.5,1.6,8.7,6.9,6.9,0.005547234703500306,0.5811388300841898,3.090549306613841,2,9.94047619047619,6.9,0.0,0.0,94.4,0.0,15.8,0.0,34.9,31
CHLORTALIDONE + RAMIPRIL,0.0,0.0,0.0,5.5,10.0,6.3,9.8,8.6,8.0,0.0,0.0,1.954635005990765,1,10.0,8.0,0.0,0.0,50.0,0.0,10.0,0.0,34.9,32
AZELNIDIPINE,26.0,28.4,0.0,7.9,5.9,7.6,9.6,9.2,8.0,0.15754146557940862,0.045135250724848586,2.042857947061724,9,9.523809523809524,8.0,0.0,0.0,92.2,0.1,12.4,0.3,34.8,33
ENALAPRIL MALEATE,52.800000000000004,42.6,0.30000000000000004,9.2,6.8,6.8,8.8,9.9,8.3,0.236312198369113,-0.10176941611956802,1.7557129427042164,14,9.226190476190476,8.3,0.007042253521126762,0.13319044703000615,87.3,0.2,12.4,0.4,34.8,34
HYDROCHLOROTHIAZIDE + TELMISARTAN,881.5,1062.3,8.6,6.9,3.6,5.4,6.1,9.1,6.2,5.892827425528374,0.09777271544262645,2.1457449782256965,135,2.0238095238095237,6.2,0.008095641532523769,0.1531132202890365,85.5,2.4,58.9,12.6,34.8,35
CHLORTALIDONE SODIUM SALT + METOPROLOL TARTRATE + TELMISARTAN,2.7,6.4,0.0,9.1,7.7,5.5,3.9,8.0,6.8,0.035502302102401954,0.5396007178390021,3.009357458336624,1,10.0,6.8,0.0,0.0,86.0,0.0,16.0,0.1,34.7,36
CILNIDIPINE + METOPROLOL TARTRATE + TELMISARTAN,38.3,70.7,1.6,4.3,9.3,8.4,5.5,8.8,7.3,0.39218949353747157,0.3586585305406824,2.655681524982791,24,8.630952380952381,7.3,0.02263083451202263,0.42801795707521073,92.0,0.4,20.3,1.0,34.7,37
ATENOLOL + LOSARTAN,0.0,0.0,0.0,6.3,8.9,9.0,7.4,8.0,7.9,0.0,0.0,1.954635005990765,1,10.0,7.9,0.0,0.0,50.0,0.0,10.5,0.0,34.7,38
ALLIUM SATIVUM EXTRACT + LEVOCARNITINE HYDROCHLORIDE + LINUM USITATISSIMUM + MULTIVITAMINS AND MINERALS + UBIDECARENONE,0.0,0.0,0.0,9.2,8.7,7.3,9.2,5.1,7.9,0.0,0.0,1.954635005990765,1,10.0,7.9,0.0,0.0,50.0,0.0,10.5,0.0,34.7,39
AMLODIPINE BESILATE + LOSARTAN,2.6,2.4,0.0,6.0,9.9,6.5,9.9,7.0,7.9,0.013313363288400732,-0.03923107716947727,1.8779525692325796,1,10.0,7.9,0.0,0.0,86.4,0.0,10.5,0.0,34.6,40
BISOPROLOL FUMARATE + TELMISARTAN,37.300000000000004,138.3,0.6000000000000001,4.0,4.4,6.4,9.4,8.2,6.5,0.7671825594940922,0.92555830836867,3.7637636756137627,35,7.976190476190476,6.5,0.004338394793926247,0.08205224936338774,93.0,0.4,27.6,2.9,34.6,41
AMLODIPINE + HYDROCHLOROTHIAZIDE + TELMISARTAN,169.8,210.2,3.3,2.2,8.8,2.7,9.4,9.8,6.6,1.166028734675764,0.11262166656474237,2.17476925789123,17,9.047619047619047,6.6,0.01569933396764986,0.29692218590989955,85.5,0.6,21.8,2.5,34.6,42
ENALAPRIL MALEATE + HYDROCHLOROTHIAZIDE,5.8,5.5,0.0,9.4,7.0,9.4,7.6,6.4,8.0,0.030509790869251676,-0.026205431279797353,1.9034129526641876,5,9.761904761904763,8.0,0.0,0.0,85.3,0.0,11.2,0.1,34.5,43
METOPROLOL SUCCINATE + TELMISARTAN,367.5,463.7,7.5,8.4,4.4,5.3,4.6,8.9,6.3,2.5722527320130912,0.12328478467528137,2.1956117618231037,52,6.964285714285714,6.3,0.016174250593055856,0.3059043046947521,88.4,1.2,33.7,5.6,34.5,44
AMLODIPINE + HYDROCHLOROTHIAZIDE + LOSARTAN POTASSIUM SALT,0.0,0.0,0.0,9.8,10.0,4.6,9.2,4.8,7.7,0.0,0.0,1.954635005990765,1,10.0,7.7,0.0,0.0,50.0,0.0,11.5,0.0,34.3,45
AMLODIPINE BESILATE + HYDROCHLOROTHIAZIDE + LOSARTAN POTASSIUM SALT,5.6,7.3,0.0,5.6,9.5,7.2,7.7,7.2,7.4,0.04049481333555222,0.14174052593898434,2.231685999758646,2,9.94047619047619,7.4,0.0,0.0,91.5,0.0,13.3,0.1,34.3,46
LERCANIDIPINE HYDROCHLORIDE,3.4,3.1,0.0,8.6,9.7,6.6,8.5,5.1,7.7,0.017196427580850947,-0.04513628936776892,1.866410034751995,1,10.0,7.7,0.0,0.0,88.3,0.0,11.5,0.0,34.2,47
ATENOLOL + LEVAMLODIPINE BESILATE,45.7,43.0,0.0,8.6,9.4,3.9,7.4,8.8,7.6,0.2385310922505131,-0.029990187060396467,1.896015136526303,6,9.702380952380953,7.6,0.0,0.0,90.6,0.1,13.5,0.5,34.1,48
INDAPAMIDE + NEBIVOLOL HYDROCHLORIDE,2.3,2.2,0.0,9.3,9.5,4.6,6.4,8.4,7.6,0.012203916347700672,-0.021980706156348395,1.9116707482811695,1,10.0,7.6,0.0,0.0,89.6,0.0,12.0,0.0,34.1,49
FENOFIBRIC ACID,10.7,14.3,0.0,9.8,5.6,1.5,9.5,9.8,7.2,0.07932545626005436,0.15604870058784348,2.2596532587991356,2,9.94047619047619,7.2,0.0,0.0,92.8,0.0,14.3,0.2,34.0,50
ATORVASTATIN CALCIUM SALT + CLOPIDOGREL BISULFATE,352.5,432.40000000000003,2.4,3.1,5.2,6.8,8.0,4.8,5.6,2.398624285793532,0.10754984838907666,2.1648557045410537,32,8.154761904761905,5.6,0.0055504162812210905,0.10497526444918151,87.7,1.0,31.2,5.2,34.0,51
ATORVASTATIN CALCIUM SALT + CLOPIDOGREL,9.3,11.2,0.0,8.3,5.8,8.4,10.0,4.2,7.3,0.062129028679203405,0.09740652233746872,2.1450292043634027,3,9.880952380952381,7.3,0.0,0.0,87.7,0.0,14.1,0.1,33.9,52
COLECALCIFEROL + LEVOMEFOLIC ACID CALCIUM SALT + MECOBALAMIN + PYRIDOXAL 5-PHOSPHATE + ROSUVASTATIN CALCIUM SALT,0.3,0.9,0.0,9.1,1.0,6.0,7.6,6.6,6.1,0.004992511233150275,0.7320508075688772,3.3855271406287013,2,9.94047619047619,6.1,0.0,0.0,86.3,0.0,19.8,0.0,33.9,53
NIFEDIPINE,187.9,267.3,0.0,2.3,8.0,2.6,5.7,9.2,5.6,1.4827758362456316,0.19271337472682926,2.3313193143544413,10,9.464285714285714,5.6,0.0,0.0,92.9,0.6,24.7,3.5,33.8,54
AMLODIPINE BESILATE + INDAPAMIDE + PERINDOPRIL ERBUMINE,5.9,7.3,0.0,5.2,9.3,6.1,5.9,9.5,7.2,0.04049481333555222,0.11233454301896972,2.174208036157619,1,10.0,7.2,0.0,0.0,90.3,0.0,14.0,0.1,33.8,55
DIHYDRALAZINE SULFATE,11.9,18.8,0.0,6.4,5.0,5.0,9.1,8.6,6.8,0.10428801242580574,0.2569136536664358,2.456807426964168,2,9.94047619047619,6.8,0.0,0.0,89.3,0.0,16.3,0.3,33.7,56
CHLORTALIDONE SODIUM SALT + METOPROLOL SUCCINATE + TELMISARTAN,24.0,31.7,0.0,9.8,5.5,7.8,3.6,7.7,6.9,0.17584734010095968,0.14927513387062086,2.2464134081782383,1,10.0,6.9,0.0,0.0,94.1,0.1,15.5,0.4,33.7,57
CHLORTALIDONE + CILNIDIPINE + METOPROLOL SUCCINATE,2.6,2.7,0.0,3.8,7.8,9.7,5.7,9.5,7.3,0.014977533699450825,0.01904933073013626,1.991869494676585,1,10.0,7.3,0.0,0.0,87.0,0.0,13.5,0.0,33.6,58
CHLORTALIDONE + METOPROLOL TARTRATE,1.5,1.9,0.0,8.3,8.6,2.9,8.7,7.5,7.2,0.01053974593665058,0.12546286774227555,2.1998691192318063,3,9.880952380952381,7.2,0.0,0.0,90.8,0.0,14.6,0.0,33.6,59
AZELNIDIPINE + OLMESARTAN MEDOXOMIL,6.3,5.4,0.0,8.9,7.7,4.0,10.0,6.7,7.5,0.02995506739890165,-0.07417990022744847,1.8096403762652917,2,9.94047619047619,7.5,0.0,0.0,91.9,0.0,12.8,0.1,33.6,60
EZETIMIBE,28.599999999999998,52.9,0.0,10.0,0.8,6.2,6.4,8.8,6.4,0.29344871581516613,0.3600185107748901,2.6583397899560284,4,9.821428571428571,6.4,0.0,0.0,85.5,0.1,18.9,0.8,33.6,61
PITAVASTATIN CALCIUM SALT,9.8,21.0,0.0,7.6,5.8,5.9,4.7,7.5,6.3,0.1164919287735064,0.4638501094227998,2.8612926674012162,2,9.94047619047619,6.3,0.0,0.0,93.5,0.0,18.8,0.3,33.5,62
AMLODIPINE BESILATE + LISINOPRIL,15.7,11.4,1.6,3.2,5.9,8.8,3.5,5.6,5.4,0.06323847561990348,-0.1478763882619325,1.6655906409345098,14,9.226190476190476,5.4,0.14035087719298245,2.6544622425629294,90.4,1.6,26.9,0.1,33.4,63
ATORVASTATIN CALCIUM SALT + EZETIMIBE + FENOFIBRATE,4.4,5.8,0.0,7.5,9.9,2.3,9.9,5.0,6.9,0.03217396128030177,0.14812099457409889,2.2441574871074668,1,10.0,6.9,0.0,0.0,88.1,0.0,15.5,0.1,33.4,64
HYDRALAZINE HYDROCHLORIDE,0.0,0.4,0.0,8.5,3.5,6.4,7.8,9.6,7.2,0.002218893881400122,0.0,1.954635005990765,1,10.0,7.2,0.0,0.0,50.0,0.0,14.0,0.0,33.3,65
ATORVASTATIN CALCIUM SALT + LEVAMLODIPINE BESILATE,0.5,0.7,0.0,7.9,7.0,7.9,6.7,5.2,6.9,0.003883064292450213,0.18321595661992318,2.312755328456152,2,9.94047619047619,6.9,0.0,0.0,89.4,0.0,15.8,0.0,33.3,66
INDAPAMIDE + OLMESARTAN MEDOXOMIL,5.199999999999999,9.0,0.0,9.5,8.1,5.7,3.4,6.0,6.5,0.04992511233150274,0.315587028960544,2.571492460233666,2,9.94047619047619,6.5,0.0,0.0,87.2,0.0,17.8,0.1,33.2,67
EZETIMIBE + SIMVASTATIN,0.0,0.0,0.0,2.2,9.7,9.3,7.3,7.1,7.1,0.0,0.0,1.954635005990765,1,10.0,7.1,0.0,0.0,50.0,0.0,14.5,0.0,33.1,68
CILNIDIPINE + METOPROLOL TARTRATE,29.2,38.4,0.0,7.8,8.4,9.9,4.0,5.4,7.1,0.2130138126144117,0.14676435816199174,2.2415057580859603,14,9.226190476190476,7.1,0.0,0.0,87.4,0.1,18.4,0.5,33.1,69
ATORVASTATIN CALCIUM SALT + FENOFIBRIC ACID,0.0,0.0,0.0,6.7,6.7,7.6,6.8,7.7,7.1,0.0,0.0,1.954635005990765,1,10.0,7.1,0.0,0.0,50.0,0.0,14.5,0.0,33.1,70
CISSUS QUADRANGULARIS + OCIMUM GRATISSIMUM + PHYLLANTHUS EMBLICA + TERMINALIA ARJUNA EXTRACT,0.0,0.0,0.0,7.7,5.5,4.3,9.0,8.8,7.1,0.0,0.0,1.954635005990765,1,10.0,7.1,0.0,0.0,50.0,0.0,14.5,0.0,33.1,71
ATENOLOL + INDAPAMIDE,6.6,6.3,0.0,4.6,9.1,6.3,9.4,6.6,7.2,0.03494757863205192,-0.02299157908160554,1.9096948606748536,3,9.880952380952381,7.2,0.0,0.0,93.9,0.0,14.6,0.1,33.1,72
ATENOLOL + ATORVASTATIN CALCIUM SALT + LOSARTAN POTASSIUM SALT + SALICYLIC ACID,0.0,0.0,0.0,9.9,4.2,9.4,3.6,8.3,7.1,0.0,0.0,1.954635005990765,1,10.0,7.1,0.0,0.0,50.0,0.0,14.5,0.0,33.1,73
BEMPEDOIC ACID + EZETIMIBE,5.8,25.7,0.0,8.6,1.3,7.0,3.6,4.7,5.0,0.14256393187995783,1.105002252435522,4.114511090299881,7,9.642857142857142,5.0,0.0,0.0,90.1,0.1,26.8,0.6,33.0,74
HYDROCHLOROTHIAZIDE + RAMIPRIL,36.0,29.7,0.0,9.4,8.1,4.7,8.2,8.6,7.8,0.16475287069395905,-0.09170489377075253,1.7753854104057876,19,8.928571428571429,7.8,0.0,0.0,93.7,0.1,16.4,0.3,33.0,75
EVOLOCUMAB RECOMBINANT,9.7,12.1,0.0,9.6,4.7,9.9,4.2,5.0,6.7,0.06712153991235369,0.11688078164698101,2.183094273325517,1,10.0,6.7,0.0,0.0,89.1,0.0,16.5,0.1,32.9,76
PHENYLEPHRINE HYDROCHLORIDE,5.0,5.4,0.0,8.2,3.7,8.2,9.6,4.6,6.9,0.02995506739890165,0.039230484541326494,2.0313162843772212,2,9.94047619047619,6.9,0.0,0.0,93.0,0.0,15.8,0.1,32.8,77
GEMFIBROZIL,3.4,2.9,0.0,9.0,9.5,6.2,3.7,6.9,7.1,0.016086980640150884,-0.07645185481720107,1.80519953429214,2,9.94047619047619,7.1,0.0,0.0,93.9,0.0,14.8,0.0,32.8,78
CLONIDINE HYDROCHLORIDE,60.0,92.3,0.0,10.0,0.7,4.4,6.0,10.0,6.2,0.5120097631330781,0.24029566367593702,2.424325321999535,9,9.523809523809524,6.2,0.0,0.0,90.2,0.2,21.4,1.2,32.8,79
CILNIDIPINE + METOPROLOL SUCCINATE + TELMISARTAN,94.2,160.6,1.0,3.3,8.6,3.3,8.0,6.9,6.0,0.890885893382149,0.3057117703292027,2.5521899340196335,21,8.80952380952381,6.0,0.006226650062266501,0.1177649033515621,88.4,0.4,26.0,2.3,32.8,80
ACETYLSALICYLIC ACID + ATORVASTATIN CALCIUM SALT + CLOPIDOGREL BESILATE,3.1,4.0,0.0,9.7,4.1,8.6,4.5,6.3,6.6,0.022188938814001222,0.13592366849412962,2.2203161665720748,1,10.0,6.6,0.0,0.0,88.0,0.0,17.0,0.0,32.7,81
TERAZOSIN HYDROCHLORIDE,4.8999999999999995,4.6,0.0,6.2,4.7,7.7,8.9,7.3,7.0,0.0255172796361014,-0.03109571669639022,1.8938542295996292,3,9.880952380952381,7.0,0.0,0.0,89.5,0.0,15.6,0.0,32.7,82
HYDROCHLOROTHIAZIDE + LEVAMLODIPINE BESILATE,14.2,13.3,0.0,8.3,6.4,6.3,8.8,4.5,6.9,0.07377822155655406,-0.03220884571625726,1.8916784686512127,2,9.94047619047619,6.9,0.0,0.0,86.1,0.0,15.8,0.1,32.7,83
BENZTHIAZIDE + TRIAMTERENE,0.0,0.0,0.0,7.0,7.6,8.5,6.8,4.5,6.9,0.0,0.0,1.954635005990765,1,10.0,6.9,0.0,0.0,50.0,0.0,15.5,0.0,32.7,84
CANDESARTAN CILEXETIL,0.0,0.0,0.0,7.2,2.8,9.1,6.6,8.7,6.9,0.0,0.0,1.954635005990765,1,10.0,6.9,0.0,0.0,50.0,0.0,15.5,0.0,32.7,85
AMLODIPINE MALEATE + CHLORTALIDONE + OLMESARTAN MEDOXOMIL,0.8,0.8,0.0,3.9,7.0,9.2,5.1,9.2,6.9,0.004437787762800244,0.0,1.954635005990765,1,10.0,6.9,0.0,0.0,86.8,0.0,15.5,0.0,32.7,86
COMMIPHORA WIGHTII,1.0,1.5,0.0,2.7,8.2,5.6,7.8,7.7,6.4,0.008320852055250457,0.22474487139158894,2.393929199029657,1,10.0,6.4,0.0,0.0,85.0,0.0,18.0,0.0,32.6,87
DIAZEPAM + PROPRANOLOL HYDROCHLORIDE,1.5,1.1,0.0,6.1,6.2,9.7,9.1,6.1,7.4,0.006101958173850336,-0.1436511614223247,1.6738494172234588,7,9.642857142857142,7.4,0.0,0.0,89.2,0.0,14.8,0.0,32.6,88
AMLODIPINE BESILATE + RAMIPRIL,13.9,12.8,0.0,4.0,9.9,9.8,3.6,7.8,7.0,0.07100460420480391,-0.04038376975349256,1.8756994759567176,5,9.761904761904763,7.0,0.0,0.0,91.7,0.0,16.2,0.1,32.6,89
COMMIPHORA WIGHTII + GARCINIA CAMBOGIA,0.4,0.7,0.0,9.6,6.1,4.1,4.6,6.6,6.2,0.003883064292450213,0.32287565553229514,2.585739064876405,1,10.0,6.2,0.0,0.0,89.2,0.0,19.0,0.0,32.6,90
ENALAPRIL MALEATE + LOSARTAN POTASSIUM SALT,0.0,0.0,0.0,8.5,6.6,3.2,9.3,6.7,6.9,0.0,0.0,1.954635005990765,2,9.94047619047619,6.9,0.0,0.0,50.0,0.0,15.8,0.0,32.6,91
LEVAMLODIPINE BESILATE + S-METOPROLOL TARTRATE,2.5,2.8,0.0,6.0,7.1,7.7,4.7,8.1,6.7,0.015532257169800851,0.05830052442583611,2.0685912519011236,1,10.0,6.7,0.0,0.0,88.4,0.0,16.5,0.0,32.6,92
ROSUVASTATIN CALCIUM SALT + TELMISARTAN,14.7,19.3,0.0,8.5,0.3,7.4,6.3,9.8,6.5,0.10706162977755589,0.1458294681443777,2.2396783893307806,4,9.821428571428571,6.5,0.0,0.0,88.4,0.0,18.4,0.2,32.5,93
BENIDIPINE HYDROCHLORIDE + CHLORTALIDONE,1.9999999999999998,1.7,0.0,4.6,7.9,9.9,8.6,4.6,7.1,0.009430298995950518,-0.07804555427071125,1.8020844335512807,5,9.761904761904763,7.1,0.0,0.0,91.7,0.0,15.7,0.0,32.5,94
CHLORTALIDONE SODIUM SALT + TELMISARTAN,0.0,0.0,0.0,6.5,3.5,7.2,8.2,9.2,6.9,0.0,0.0,1.954635005990765,3,9.880952380952381,6.9,0.0,0.0,50.0,0.0,16.1,0.0,32.5,95
TELMISARTAN,1176.0,1436.3,10.799999999999999,2.5,0.4,2.3,6.2,8.8,4.0,7.9674932046374884,0.10514412517778249,2.1601533937375335,169,0.0,4.0,0.0075193204762236295,0.14221323509379474,88.7,3.3,80.0,17.2,32.5,96
NEBIVOLOL HYDROCHLORIDE + TELMISARTAN,32.2,46.3,0.0,6.2,7.5,5.7,4.2,9.1,6.5,0.25683696677206413,0.19911975997302456,2.3438414592185177,10,9.464285714285714,6.5,0.0,0.0,89.0,0.1,20.2,0.6,32.5,97
METOPROLOL SUCCINATE + RAMIPRIL,119.5,137.9,0.0,3.2,0.3,9.5,8.4,9.3,6.1,0.7649636656126921,0.0742322353185505,2.0997319317173475,10,9.464285714285714,6.1,0.0,0.0,92.7,0.3,22.2,1.6,32.5,98
CHLORTALIDONE + CILNIDIPINE + OLMESARTAN MEDOXOMIL,68.3,74.7,0.0,5.2,6.2,7.4,6.1,8.5,6.7,0.41437843235147276,0.04580315833030735,2.0441634626481213,12,9.345238095238095,6.7,0.0,0.0,89.7,0.2,19.8,0.8,32.5,99
ATORVASTATIN CALCIUM SALT + NICOTINIC ACID,0.8,0.7,0.0,6.7,8.1,6.2,4.2,9.1,6.9,0.003883064292450213,-0.06458565330651467,1.8283936271530683,1,10.0,6.9,0.0,0.0,85.9,0.0,15.5,0.0,32.5,100
CHLORTALIDONE + METOPROLOL SUCCINATE + TELMISARTAN,40.400000000000006,62.1,1.0,9.9,0.6,7.1,5.5,7.0,6.0,0.3444832750873689,0.23980995030338703,2.423375929638671,11,9.404761904761905,6.0,0.01610305958132045,0.304557865994539,92.5,0.3,23.0,0.8,32.4,101
COLECALCIFEROL + LEVOMEFOLIC ACID + MECOBALAMIN + PYRIDOXAL 5-PHOSPHATE + ROSUVASTATIN CALCIUM SALT,1.7,0.4,0.0,8.5,9.0,6.1,9.6,5.2,7.7,0.002218893881400122,-0.5149287499273341,0.9481372457917332,1,10.0,7.7,0.0,0.0,94.7,0.0,11.5,0.0,32.3,102
AMILORIDE HYDROCHLORIDE + TORASEMIDE,2.5,2.1,0.0,3.5,4.2,8.3,9.5,8.8,6.9,0.01164919287735064,-0.0834848610088319,1.7914525741926288,2,9.94047619047619,6.9,0.0,0.0,90.6,0.0,15.8,0.0,32.3,103
CHLORTALIDONE + NEBIVOLOL HYDROCHLORIDE,0.0,0.0,0.0,9.3,3.9,4.8,7.2,8.8,6.8,0.0,0.0,1.954635005990765,3,9.880952380952381,6.8,0.0,0.0,50.0,0.0,16.6,0.0,32.3,104
ACETYLSALICYLIC ACID + ATORVASTATIN CALCIUM SALT + RAMIPRIL,13.6,14.6,0.0,7.6,6.5,4.5,7.2,7.2,6.6,0.08098962667110444,0.0361126443416786,2.0252220447799045,4,9.821428571428571,6.6,0.0,0.0,85.9,0.0,17.9,0.2,32.2,105
CILNIDIPINE + TELMISARTAN,473.40000000000003,758.8,2.0,4.4,5.3,1.7,4.9,5.0,4.3,4.209241693016031,0.2660461424497915,2.474658109231933,79,5.357142857142857,4.3,0.002635740643120717,0.049849877380761395,94.2,1.7,51.7,10.4,32.2,106
ASCORBIC ACID + BETA VULGARIS + CITRULLINE + CRATAEGUS LAEVIGATA + FOLIC ACID + MECOBALAMIN + SODIUM NITRITE + UBIQUINOL,0.0,0.0,0.0,9.6,5.8,9.2,3.8,4.5,6.6,0.0,0.0,1.954635005990765,1,10.0,6.6,0.0,0.0,50.0,0.0,17.0,0.0,32.1,107
AMLODIPINE + LISINOPRIL,0.0,0.0,0.0,6.6,9.1,6.3,5.7,5.3,6.6,0.0,0.0,1.954635005990765,1,10.0,6.6,0.0,0.0,50.0,0.0,17.0,0.0,32.1,108
ATENOLOL + HYDROCHLOROTHIAZIDE + LOSARTAN POTASSIUM SALT,6.800000000000001,6.2,0.0,3.9,5.3,8.1,9.2,7.0,6.7,0.034392855161701895,-0.045136289367769034,1.866410034751995,2,9.94047619047619,6.7,0.0,0.0,85.4,0.0,16.8,0.1,32.1,109
MILRINONE LACTATE,15.2,14.2,0.0,4.8,6.3,6.1,9.1,7.9,6.8,0.07877073278970431,-0.03345433304173906,1.8892439955253082,6,9.702380952380953,6.8,0.0,0.0,86.0,0.0,17.5,0.1,32.1,110
CHLORTALIDONE + EFONIDIPINE HYDROCHLORIDE,0.1,0.1,0.0,4.9,5.6,6.2,8.7,7.5,6.6,0.0005547234703500305,0.0,1.954635005990765,1,10.0,6.6,0.0,0.0,92.0,0.0,17.0,0.0,32.1,111
GARCINIA CAMBOGIA,0.0,0.0,0.0,7.2,7.5,7.0,7.0,4.3,6.6,0.0,0.0,1.954635005990765,2,9.94047619047619,6.6,0.0,0.0,50.0,0.0,17.3,0.0,32.0,112
ATORVASTATIN CALCIUM SALT + OLMESARTAN MEDOXOMIL,0.0,0.0,0.0,7.4,2.8,7.5,8.4,6.2,6.5,0.0,0.0,1.954635005990765,1,10.0,6.5,0.0,0.0,50.0,0.0,17.5,0.0,31.9,113
COMMIPHORA WIGHTII + GARCINIA INDICA + TERMINALIA CHEBULA,0.0,0.0,0.0,6.4,3.8,5.7,9.4,7.2,6.5,0.0,0.0,1.954635005990765,1,10.0,6.5,0.0,0.0,50.0,0.0,17.5,0.0,31.9,114
HYDROCHLOROTHIAZIDE + LEVAMLODIPINE BESILATE + LOSARTAN POTASSIUM SALT,0.0,0.0,0.0,2.6,4.6,7.1,9.9,8.1,6.5,0.0,0.0,1.954635005990765,1,10.0,6.5,0.0,0.0,50.0,0.0,17.5,0.0,31.9,115
ACETYLSALICYLIC ACID + ISOSORBIDE MONONITRATE,0.0,0.0,0.0,9.2,6.3,4.1,8.6,4.4,6.5,0.0,0.0,1.954635005990765,1,10.0,6.5,0.0,0.0,50.0,0.0,17.5,0.0,31.9,116
CILNIDIPINE + OLMESARTAN MEDOXOMIL,21.3,23.0,0.0,7.4,3.6,9.3,4.5,9.6,6.9,0.12758639818050702,0.03914012845851067,2.031139671214745,15,9.166666666666666,6.9,0.0,0.0,85.5,0.1,19.7,0.3,31.9,117
AZILSARTAN MEDOXOMIL + CILNIDIPINE,1.9,1.5,0.0,7.3,8.4,5.1,6.6,6.2,6.7,0.008320852055250457,-0.1114766833613614,1.7367387783408996,2,9.94047619047619,6.7,0.0,0.0,86.6,0.0,16.8,0.0,31.8,118
AMLODIPINE BESILATE + BISOPROLOL FUMARATE,83.6,119.7,0.4,6.6,8.1,3.1,9.1,4.2,6.2,0.6640039940089865,0.19658605282619845,2.3388889865344025,24,8.630952380952381,6.2,0.0033416875522138683,0.06320148196578404,94.7,0.3,25.8,1.6,31.8,119
LISINOPRIL,17.6,16.1,0.0,6.3,7.0,3.2,7.7,9.2,6.7,0.08931047872635492,-0.04356248124996309,1.8694862551917706,7,9.642857142857142,6.7,0.0,0.0,93.5,0.0,18.3,0.2,31.8,120
BISOPROLOL FUMARATE + PERINDOPRIL,0.0,3.2,0.0,2.8,9.0,9.1,6.4,4.9,6.4,0.017751151051200977,0.0,1.954635005990765,1,10.0,6.4,0.0,0.0,50.0,0.0,18.0,0.0,31.8,121
CLOPIDOGREL + ROSUVASTATIN CALCIUM SALT,72.3,96.39999999999999,0.0,3.2,8.2,1.6,8.9,7.4,5.9,0.5347534254174293,0.15470053837925146,2.257018093752468,10,9.464285714285714,5.9,0.0,0.0,85.0,0.2,23.2,1.2,31.8,122
AMLODIPINE BESILATE + METOPROLOL SUCCINATE + TELMISARTAN,0.0,6.3999999999999995,0.0,4.7,3.9,7.7,9.0,7.0,6.5,0.03550230210240195,0.0,1.954635005990765,3,9.880952380952381,6.5,0.0,0.0,50.0,0.0,18.1,0.1,31.8,123
AMILORIDE HYDROCHLORIDE + ATENOLOL + HYDROCHLOROTHIAZIDE,0.0,0.0,0.0,2.3,9.1,5.0,9.8,6.0,6.4,0.0,0.0,1.954635005990765,1,10.0,6.4,0.0,0.0,50.0,0.0,18.0,0.0,31.7,124
MINOXIDIL,10.1,10.7,0.0,4.4,7.1,2.9,9.0,8.7,6.4,0.059355411327453256,0.02927447291480978,2.0118559155319806,4,9.821428571428571,6.4,0.0,0.0,90.9,0.0,18.9,0.1,31.7,125
ISOSORBIDE MONONITRATE + METOPROLOL SUCCINATE,0.0,0.0,0.0,4.0,6.1,8.8,8.5,4.8,6.4,0.0,0.0,1.954635005990765,1,10.0,6.4,0.0,0.0,50.0,0.0,18.0,0.0,31.7,126
ISOSORBIDE DINITRATE,19.4,19.9,0.0,5.2,7.5,5.9,4.6,8.4,6.3,0.11038997059965605,0.012804618806751211,1.9796633621488087,2,9.94047619047619,6.3,0.0,0.0,85.6,0.0,18.8,0.2,31.7,127
DILTIAZEM HYDROCHLORIDE,126.60000000000001,147.7,0.0,4.9,3.7,5.8,8.3,5.9,5.7,0.8193265657069949,0.08012344973464325,2.11124710564284,12,9.345238095238095,5.7,0.0,0.0,91.1,0.3,24.8,1.7,31.7,128
IRBESARTAN,2.3,2.3,0.0,3.1,8.6,5.8,6.4,8.1,6.4,0.0127586398180507,0.0,1.954635005990765,3,9.880952380952381,6.4,0.0,0.0,93.6,0.0,18.6,0.0,31.6,129
MOXONIDINE,70.1,91.5,0.0,7.5,4.9,5.2,6.3,4.5,5.7,0.5075719753702779,0.1424877128604447,2.233146477471351,7,9.642857142857142,5.7,0.0,0.0,87.8,0.2,23.3,1.1,31.6,130
CHLORTALIDONE SODIUM SALT + CILNIDIPINE + TELMISARTAN,0.8,1.2,0.0,2.8,6.2,5.1,7.2,8.2,5.9,0.006656681644200366,0.22474487139158894,2.393929199029657,1,10.0,5.9,0.0,0.0,93.2,0.0,20.5,0.0,31.6,131
AMLODIPINE,1.1,1.0,0.0,2.1,8.6,8.8,5.5,7.9,6.6,0.005547234703500306,-0.04653741075440765,1.8636713538420286,5,9.761904761904763,6.6,0.0,0.0,85.8,0.0,18.2,0.0,31.6,132
SIMVASTATIN,5.6000000000000005,5.2,0.0,4.9,9.5,6.5,4.5,7.8,6.6,0.028845620458201587,-0.036375888340568485,1.8835334212662787,7,9.642857142857142,6.6,0.0,0.0,93.9,0.0,18.8,0.1,31.5,133
ATORVASTATIN CALCIUM SALT + COLECALCIFEROL + CYANOCOBALAMIN + FOLIC ACID + PYRIDOXAL 5-PHOSPHATE,0.0,0.0,0.0,4.4,9.4,8.2,4.2,5.4,6.3,0.0,0.0,1.954635005990765,1,10.0,6.3,0.0,0.0,50.0,0.0,18.5,0.0,31.5,134
RAMIPRIL + TELMISARTAN,0.0,0.0,0.0,7.1,0.5,9.3,9.6,5.4,6.4,0.0,0.0,1.954635005990765,3,9.880952380952381,6.4,0.0,0.0,50.0,0.0,18.6,0.0,31.5,135
COMMIPHORA MOLMOL + HIPPOPHAE RHAMNOIDES + INULA RACEMOSA + TERMINALIA ARJUNA,0.0,0.0,0.0,3.8,9.7,4.1,5.5,8.4,6.3,0.0,0.0,1.954635005990765,1,10.0,6.3,0.0,0.0,50.0,0.0,18.5,0.0,31.5,136
AMLODIPINE + CHLORTALIDONE + TELMISARTAN,25.0,30.8,0.0,8.2,0.2,6.5,9.3,5.3,5.9,0.1708548288678094,0.10995495404092859,2.1695568082412695,3,9.880952380952381,5.9,0.0,0.0,89.3,0.1,21.1,0.4,31.4,137
ATORVASTATIN CALCIUM SALT + FENOFIBRATE,210.0,258.4,28.0,4.1,2.5,8.9,3.6,4.6,4.7,1.4334054473844788,0.10926831311283314,2.1682146758466683,57,6.666666666666667,4.7,0.108359133126935,2.0494009960963795,90.9,1.8,43.2,3.1,31.4,138
ACETYLSALICYLIC ACID + CLOPIDOGREL + ROSUVASTATIN CALCIUM SALT,76.0,89.2,0.0,6.1,8.9,5.2,4.0,7.4,6.3,0.49481333555222723,0.08336707099962926,2.1175872013135577,20,8.869047619047619,6.3,0.0,0.0,93.5,0.2,24.2,1.0,31.4,139
BENIDIPINE HYDROCHLORIDE,40.4,35.5,0.0,8.6,7.5,7.0,7.0,4.8,7.0,0.1969268319742608,-0.06260314098716513,1.8322687151322767,21,8.80952380952381,7.0,0.0,0.0,86.5,0.1,21.0,0.4,31.4,140
ALLIUM SATIVUM,6.1,6.8999999999999995,0.0,4.9,9.5,2.5,9.5,4.2,6.1,0.0382759194541521,0.06355420218416996,2.0788602743577584,2,9.94047619047619,6.1,0.0,0.0,88.4,0.0,19.8,0.1,31.4,141
BENIDIPINE HYDROCHLORIDE + TELMISARTAN,8.799999999999999,9.6,0.0,6.3,7.9,3.9,7.9,5.5,6.3,0.05325345315360293,0.044465935734187,2.0415496805509425,6,9.702380952380953,6.3,0.0,0.0,94.2,0.0,20.0,0.1,31.4,142
HYDROCHLOROTHIAZIDE + LOSARTAN,2.6,2.3,0.0,4.2,3.8,9.4,7.5,6.7,6.3,0.0127586398180507,-0.05946005687403977,1.838412297366565,1,10.0,6.3,0.0,0.0,93.2,0.0,18.5,0.0,31.3,143
ATENOLOL + CHLORTALIDONE,24.4,24.3,0.0,7.1,9.6,5.8,3.1,4.9,6.1,0.13479780329505742,-0.0020512842113266094,1.95062549406407,3,9.880952380952381,6.1,0.0,0.0,92.3,0.1,20.1,0.3,31.3,144
HYDROCHLOROTHIAZIDE + OLMESARTAN MEDOXOMIL,139.1,137.70000000000002,1.4,9.5,4.9,4.3,7.1,9.2,7.0,0.7638542186719921,-0.005045077228865824,1.9447737214312968,44,7.440476190476191,7.0,0.01016702977487291,0.1922894761769442,90.6,0.4,27.8,1.5,31.3,145
CHLORTALIDONE + CILNIDIPINE + TELMISARTAN,167.70000000000002,249.2,0.0,2.3,6.1,6.7,9.3,7.8,6.4,1.382370888112276,0.2190106157600591,2.3827208222389693,54,6.845238095238095,6.4,0.0,0.0,87.4,0.6,33.8,3.3,31.3,146
AMLODIPINE BESILATE + CHLORTALIDONE + OLMESARTAN MEDOXOMIL,5.4,6.5,0.0,7.3,8.1,5.2,3.1,5.7,5.9,0.036057025572751984,0.0971343143406389,2.1444971370838886,1,10.0,5.9,0.0,0.0,94.4,0.0,20.5,0.1,31.2,147
NITROGLYCERIN,437.2,503.2,0.0,4.3,3.2,2.6,7.6,6.0,4.7,2.7913685028013537,0.0728283454203753,2.096987839377818,51,7.023809523809524,4.7,0.0,0.0,94.0,1.1,41.4,5.9,31.1,148
ACETYLSALICYLIC ACID + CLOPIDOGREL BISULFATE + ROSUVASTATIN CALCIUM SALT,447.1,566.7,0.0,3.6,1.7,7.7,7.4,9.8,6.0,3.143617906473623,0.12583376991324724,2.2005940975989855,92,4.583333333333334,6.0,0.0,0.0,91.8,1.3,47.1,6.9,31.1,149
BEMPEDOIC ACID,11.0,12.9,0.0,8.0,5.2,4.8,9.2,6.8,6.8,0.07155932767515394,0.08292533109502642,2.1167237610324783,22,8.75,6.8,0.0,0.0,87.3,0.0,22.2,0.2,31.1,150
LEVAMLODIPINE BESILATE + NEBIVOLOL HYDROCHLORIDE,51.4,54.7,0.0,7.2,9.0,2.0,5.5,5.5,5.8,0.3034337382814667,0.03160182950126167,2.016405048187283,4,9.821428571428571,5.8,0.0,0.0,85.6,0.1,21.9,0.6,31.1,151
AMLODIPINE BESILATE + ATORVASTATIN CALCIUM SALT,0.0,0.0,0.0,4.1,7.3,1.2,9.6,8.4,6.1,0.0,0.0,1.954635005990765,1,10.0,6.1,0.0,0.0,50.0,0.0,19.5,0.0,31.1,152
METOPROLOL TARTRATE + TELMISARTAN,276.5,328.0,1.0,9.3,4.7,5.4,4.8,7.7,6.4,1.8194929827481,0.08915415859899745,2.1288988453180178,64,6.25,6.4,0.003048780487804878,0.05766171792152705,89.5,0.8,36.8,3.9,31.1,153
AMLODIPINE BESILATE + CHLORTALIDONE + TELMISARTAN,48.4,73.9,0.0,4.2,6.4,9.1,5.1,4.1,5.8,0.4099406445886725,0.2356615653698353,2.415267351229226,17,9.047619047619047,5.8,0.0,0.0,93.0,0.2,25.8,1.0,31.0,154
METOPROLOL SUCCINATE + OLMESARTAN MEDOXOMIL,14.7,14.0,0.0,8.6,9.0,3.9,4.8,5.6,6.4,0.07766128584900428,-0.024099927051466796,1.9075284449341443,10,9.464285714285714,6.4,0.0,0.0,88.4,0.0,20.7,0.1,31.0,155
LEVAMLODIPINE BESILATE + TELMISARTAN,51.3,59.4,0.0,2.9,9.4,5.5,4.2,5.6,5.5,0.3295057413879181,0.07605517369794068,2.103295110887468,3,9.880952380952381,5.5,0.0,0.0,85.3,0.1,23.1,0.7,30.9,156
LEVAMLODIPINE BESILATE + RAMIPRIL,0.0,0.0,0.0,7.9,3.9,9.0,4.0,5.3,6.0,0.0,0.0,1.954635005990765,1,10.0,6.0,0.0,0.0,50.0,0.0,20.0,0.0,30.9,157
BENIDIPINE HYDROCHLORIDE + NEBIVOLOL HYDROCHLORIDE,0.0,0.3,0.0,6.7,3.5,2.8,7.1,9.9,6.0,0.0016641704110500915,0.0,1.954635005990765,1,10.0,6.0,0.0,0.0,50.0,0.0,20.0,0.0,30.9,158
PERINDOPRIL ERBUMINE,21.4,24.9,0.0,2.9,9.1,3.2,6.5,6.7,5.7,0.13812614411715757,0.07868039838923502,2.108426466967663,3,9.880952380952381,5.7,0.0,0.0,90.5,0.1,22.1,0.3,30.8,159
AMLODIPINE BESILATE + NEBIVOLOL HYDROCHLORIDE,11.5,12.5,0.0,7.6,2.8,5.5,5.8,8.6,6.1,0.0693404337937538,0.0425720702853738,2.0378478648480556,8,9.583333333333334,6.1,0.0,0.0,87.3,0.0,21.6,0.1,30.8,160
EFONIDIPINE HYDROCHLORIDE + METOPROLOL SUCCINATE,1.2,1.7,0.0,6.2,5.2,2.6,4.9,8.4,5.5,0.009430298995950518,0.19023807142380833,2.326480999867912,1,10.0,5.5,0.0,0.0,87.3,0.0,22.5,0.0,30.7,161
AMLODIPINE + HYDROCHLOROTHIAZIDE + OLMESARTAN MEDOXOMIL,28.6,23.6,0.0,6.9,2.9,6.6,7.0,7.4,6.2,0.13091473900260722,-0.0916086607772919,1.775573510783537,8,9.583333333333334,6.2,0.0,0.0,90.6,0.1,21.1,0.2,30.7,162
ACETYLSALICYLIC ACID + ATORVASTATIN CALCIUM SALT + CLOPIDOGREL BISULFATE,332.09999999999997,403.59999999999997,0.0,4.5,1.8,1.7,3.3,8.6,4.0,2.238863926332723,0.10240491536024021,2.154799238339412,26,8.511904761904763,4.0,0.0,0.0,89.5,0.9,37.4,4.8,30.7,163
HYDROFLUMETHIAZIDE + SPIRONOLACTONE,0.0,0.0,0.0,5.6,6.4,2.2,5.9,9.2,5.9,0.0,0.0,1.954635005990765,1,10.0,5.9,0.0,0.0,50.0,0.0,20.5,0.0,30.7,164
AMLODIPINE + LOSARTAN POTASSIUM SALT,4.8999999999999995,4.8,0.0,2.7,9.9,2.4,7.3,7.3,5.9,0.026626726576801464,-0.010256681389212985,1.9345869375021152,2,9.94047619047619,5.9,0.0,0.0,85.8,0.0,20.8,0.1,30.6,165
AMLODIPINE + ATENOLOL,1.1,0.9,0.0,6.1,5.5,8.2,5.1,6.1,6.2,0.004992511233150275,-0.09546596626670911,1.7680338864451217,5,9.761904761904763,6.2,0.0,0.0,88.0,0.0,20.2,0.0,30.6,166
AMLODIPINE BESILATE + HYDROCHLOROTHIAZIDE,39.5,39.9,0.0,3.7,6.2,4.0,9.0,8.1,6.2,0.22133466466966217,0.005050537176355618,1.9645069627547274,15,9.166666666666666,6.2,0.0,0.0,93.2,0.1,23.2,0.4,30.6,167
AMLODIPINE + CHLORTALIDONE + OLMESARTAN MEDOXOMIL,16.4,18.200000000000003,0.0,4.5,4.5,4.6,7.9,7.1,5.7,0.10095967160370556,0.05344961795093739,2.0591095002944995,3,9.880952380952381,5.7,0.0,0.0,89.1,0.0,22.1,0.2,30.6,168
AMLODIPINE BESILATE + HYDROCHLOROTHIAZIDE + TELMISARTAN,187.9,256.2,1.8,9.6,7.0,4.3,5.4,6.1,6.5,1.421201531036778,0.16768626725390967,2.2824004539891796,67,6.071428571428571,6.5,0.007025761124121781,0.13287852560839022,87.5,0.6,37.1,3.2,30.5,169
LEVAMLODIPINE BESILATE,135.70000000000002,129.0,0.0,2.8,6.6,4.3,8.8,4.6,5.4,0.7155932767515394,-0.02499929142364621,1.9057705158491414,11,9.404761904761905,5.4,0.0,0.0,89.9,0.3,26.0,1.4,30.5,170
DIHYDRALAZINE SULFATE + HYDROCHLOROTHIAZIDE + RESERPINE,0.0,0.0,0.0,8.8,2.2,5.4,4.3,8.2,5.8,0.0,0.0,1.954635005990765,1,10.0,5.8,0.0,0.0,50.0,0.0,21.0,0.0,30.5,171
HYDROCHLOROTHIAZIDE + LEVAMLODIPINE BESILATE + OLMESARTAN MEDOXOMIL,1.0,0.9,0.0,9.0,3.9,1.8,4.9,9.7,5.9,0.004992511233150275,-0.05131670194948623,1.8543295839683047,1,10.0,5.9,0.0,0.0,85.2,0.0,20.5,0.0,30.5,172
AMLODIPINE + HYDROCHLOROTHIAZIDE + VALSARTAN,0.0,0.0,0.0,5.1,0.6,9.3,8.5,5.5,5.8,0.0,0.0,1.954635005990765,1,10.0,5.8,0.0,0.0,50.0,0.0,21.0,0.0,30.5,173
CHLORTALIDONE + METOPROLOL TARTRATE + TELMISARTAN,12.3,26.8,0.2,3.1,6.7,2.3,9.1,4.2,5.1,0.14866589005380818,0.47609680868765714,2.8852304944921476,15,9.166666666666666,5.1,0.007462686567164179,0.1411421155094095,89.2,0.1,28.7,0.4,30.4,174
LOSARTAN POTASSIUM SALT + RAMIPRIL,1.4,0.9,0.0,4.1,9.6,2.3,5.2,9.9,6.2,0.004992511233150275,-0.1982162742627268,1.567194537559773,3,9.880952380952381,6.2,0.0,0.0,88.8,0.0,19.6,0.0,30.4,175
AMLODIPINE + CHLORTALIDONE + LOSARTAN POTASSIUM SALT,4.5,4.5,0.0,8.9,2.5,4.0,8.3,5.0,5.7,0.02496255616575137,0.0,1.954635005990765,1,10.0,5.7,0.0,0.0,88.5,0.0,21.5,0.0,30.4,176
ACETYLSALICYLIC ACID LYSIN SALT + ROSUVASTATIN CALCIUM SALT,0.8,1.7,0.0,7.7,2.3,4.1,4.6,5.5,4.8,0.009430298995950518,0.4577379737113252,2.8493456729782016,1,10.0,4.8,0.0,0.0,88.4,0.0,26.0,0.0,30.3,177
HYDROCHLOROTHIAZIDE + LOSARTAN POTASSIUM SALT + RAMIPRIL,0.0,0.0,0.0,7.4,0.1,8.1,6.8,6.0,5.7,0.0,0.0,1.954635005990765,1,10.0,5.7,0.0,0.0,50.0,0.0,21.5,0.0,30.3,178
AMLODIPINE BESILATE + HYDROCHLOROTHIAZIDE + OLMESARTAN MEDOXOMIL,99.7,114.39999999999999,0.8,2.2,5.2,5.1,6.9,8.3,5.5,0.6346036500804348,0.07118734448318742,2.0937802815011266,21,8.80952380952381,5.5,0.006993006993006994,0.13225904530252358,93.8,0.3,28.5,1.3,30.3,179
AMLODIPINE BESILATE + BENAZEPRIL HYDROCHLORIDE,0.0,0.0,0.0,3.4,4.1,3.5,7.6,9.9,5.7,0.0,0.0,1.954635005990765,1,10.0,5.7,0.0,0.0,50.0,0.0,21.5,0.0,30.3,180
COLECALCIFEROL + ROSUVASTATIN CALCIUM SALT,7.9,5.7,0.0,7.0,9.8,2.2,4.1,9.0,6.4,0.03161923780995174,-0.150577262288222,1.660311418015953,11,9.404761904761905,6.4,0.0,0.0,91.9,0.0,21.0,0.1,30.3,181
METHYLDOPA,0.0,0.0,0.0,3.6,0.8,7.0,7.7,9.0,5.6,0.0,0.0,1.954635005990765,1,10.0,5.6,0.0,0.0,50.0,0.0,22.0,0.0,30.1,182
CHLORTALIDONE + CILNIDIPINE,15.6,18.6,0.0,6.5,1.2,8.3,7.1,5.8,5.8,0.10317856548510569,0.09192842819833769,2.1343215297929445,12,9.345238095238095,5.8,0.0,0.0,89.6,0.0,24.3,0.2,30.1,183
AMLODIPINE BESILATE + VALSARTAN,0.5,0.3,0.0,4.6,5.4,6.3,4.6,9.4,6.1,0.0016641704110500915,-0.2254033307585166,1.5140537652232535,3,9.880952380952381,6.1,0.0,0.0,90.1,0.0,20.1,0.0,30.1,184
NITROPRUSSIDE SODIUM SALT,1.0,1.1,0.0,2.8,6.2,3.1,9.9,6.1,5.6,0.006101958173850336,0.04880884817015163,2.0500384892262318,3,9.880952380952381,5.6,0.0,0.0,93.4,0.0,22.6,0.0,30.1,185
AMLODIPINE BESILATE + INDAPAMIDE,11.7,12.8,0.0,7.8,1.3,3.3,5.8,9.2,5.5,0.07100460420480391,0.045952720736981645,2.044455802563787,3,9.880952380952381,5.5,0.0,0.0,85.8,0.0,23.1,0.1,30.1,186
AZELNIDIPINE + TELMISARTAN,23.8,24.6,0.0,9.4,2.7,2.1,4.3,9.8,5.7,0.13646197370610752,0.016667814666202263,1.9872145000106902,9,9.523809523809524,5.7,0.0,0.0,91.5,0.1,23.9,0.3,30.0,187
VERAPAMIL HYDROCHLORIDE,19.8,28.4,0.0,2.9,7.4,3.6,5.9,5.1,5.0,0.15754146557940862,0.1976407785072427,2.3409505902722887,2,9.94047619047619,5.0,0.0,0.0,90.2,0.1,25.3,0.4,30.0,188
AMLODIPINE MALEATE + NEBIVOLOL HYDROCHLORIDE,7.5,8.2,0.0,2.7,0.5,8.6,8.4,6.8,5.4,0.0454873245687025,0.04562580942387484,2.043816810267334,1,10.0,5.4,0.0,0.0,92.7,0.0,23.0,0.1,30.0,189
EFONIDIPINE HYDROCHLORIDE + TELMISARTAN,2.6,3.6,0.0,3.4,8.4,2.0,4.6,7.6,5.2,0.0199700449326011,0.17669681082910427,2.3000127778842603,2,9.94047619047619,5.2,0.0,0.0,85.6,0.0,24.3,0.0,30.0,190
CLOPIDOGREL BISULFATE + ROSUVASTATIN CALCIUM SALT,224.8,322.9,2.9,2.7,4.7,5.2,4.9,9.8,5.5,1.7912020857602484,0.1984940134835349,2.342618353225285,63,6.309523809523809,5.5,0.00898110870238464,0.1698600993711878,88.7,0.8,41.0,4.2,30.0,191
OLMESARTAN MEDOXOMIL,326.9,355.3,2.8,4.5,7.6,1.5,3.2,8.1,5.0,1.9709324901536585,0.042533798353654007,2.0377730571905692,50,7.083333333333333,5.0,0.007880664227413453,0.14904734517064577,86.7,0.9,39.6,4.0,29.9,192
AMLODIPINE BESILATE + ENALAPRIL MALEATE,4.8,4.1,0.0,7.0,7.0,2.5,4.2,7.7,5.7,0.02274366228435125,-0.07578862446588197,1.806495907553864,3,9.880952380952381,5.7,0.0,0.0,94.5,0.0,22.1,0.0,29.9,193
CLONIDINE + HYDROCHLOROTHIAZIDE,0.8,1.1,0.0,8.3,6.4,1.2,3.2,6.6,5.1,0.006101958173850336,0.17260393995585743,2.292012709200412,1,10.0,5.1,0.0,0.0,87.4,0.0,24.5,0.0,29.8,194
LEVAMLODIPINE BESILATE + LOSARTAN POTASSIUM SALT,7.7,6.4,0.0,7.8,5.8,2.1,4.8,8.2,5.7,0.035502302102401954,-0.08831538832289643,1.7820106564071636,4,9.821428571428571,5.7,0.0,0.0,87.7,0.0,22.4,0.1,29.8,195
AMLODIPINE + CHLORTALIDONE,3.2,3.1,0.0,2.6,3.4,8.8,5.0,7.7,5.5,0.017196427580850947,-0.01574901574852361,1.9238514284988009,2,9.94047619047619,5.5,0.0,0.0,85.3,0.0,22.8,0.0,29.8,196
AMLODIPINE BESILATE + METOPROLOL TARTRATE,63.9,68.4,0.0,6.3,5.4,2.2,7.5,9.3,6.1,0.37943085371942087,0.03461226322292732,2.0222893473228654,28,8.392857142857142,6.1,0.0,0.0,85.3,0.2,27.5,0.8,29.8,197
ATENOLOL + LOSARTAN POTASSIUM SALT,13.2,11.8,0.0,8.7,0.5,5.6,9.6,4.1,5.7,0.06545736950130361,-0.054516317465291175,1.8480755034754013,6,9.702380952380953,5.7,0.0,0.0,91.9,0.0,23.0,0.1,29.8,198
S-METOPROLOL SUCCINATE + TELMISARTAN,20.2,25.4,0.0,7.2,0.9,4.3,7.6,5.6,5.1,0.14089976146890776,0.121349964361821,2.1918298943081123,2,9.94047619047619,5.1,0.0,0.0,87.6,0.1,24.8,0.3,29.8,199
RAMIPRIL,151.1,135.6,5.4,9.8,2.5,2.1,4.7,7.8,5.4,0.7522050257946413,-0.05267802312923042,1.85166869793598,36,7.916666666666666,5.4,0.03982300884955753,0.753174297806849,91.0,0.8,33.4,1.4,29.8,200
AZILSARTAN MEDOXOMIL + CHLORTALIDONE,12.6,9.4,0.0,6.8,1.1,4.4,9.6,8.9,6.2,0.05214400621290287,-0.13626870727537832,1.688279420529202,15,9.166666666666666,6.2,0.0,0.0,94.8,0.0,23.2,0.1,29.7,201
FLUVASTATIN SODIUM SALT,0.0,0.0,0.0,3.1,9.6,6.6,3.5,4.4,5.4,0.0,0.0,1.954635005990765,1,10.0,5.4,0.0,0.0,50.0,0.0,23.0,0.0,29.7,202
ATORVASTATIN CALCIUM SALT + CLOPIDOGREL BESILATE,2.5999999999999996,3.2,0.0,9.5,4.3,2.5,5.1,4.7,5.2,0.017751151051200977,0.1094003924504583,2.1684728427435584,2,9.94047619047619,5.2,0.0,0.0,87.5,0.0,24.3,0.0,29.7,203
ACETYLSALICYLIC ACID + ATORVASTATIN CALCIUM SALT + METOPROLOL TARTRATE + RAMIPRIL,0.0,0.0,0.0,7.3,1.2,3.1,8.8,6.7,5.4,0.0,0.0,1.954635005990765,2,9.94047619047619,5.4,0.0,0.0,50.0,0.0,23.3,0.0,29.6,204
CILNIDIPINE + METOPROLOL FUMARATE + TELMISARTAN,0.0,0.7,0.0,7.3,1.4,10.0,3.6,4.7,5.4,0.003883064292450213,0.0,1.954635005990765,2,9.94047619047619,5.4,0.0,0.0,50.0,0.0,23.3,0.0,29.6,205
ACETYLSALICYLIC ACID CALCIUM SALT + CLOPIDOGREL BISULFATE + ROSUVASTATIN CALCIUM SALT,0.0,0.0,0.0,2.0,1.9,7.5,5.9,9.9,5.4,0.0,0.0,1.954635005990765,3,9.880952380952381,5.4,0.0,0.0,50.0,0.0,23.6,0.0,29.5,206
ATENOLOL + LERCANIDIPINE HYDROCHLORIDE,0.0,0.0,0.0,6.5,0.4,5.8,5.2,8.7,5.3,0.0,0.0,1.954635005990765,1,10.0,5.3,0.0,0.0,50.0,0.0,23.5,0.0,29.5,207
CLOPIDOGREL BISULFATE + ROSUVASTATIN CALCIUM SALT + SALICYLIC ACID,0.0,0.0,0.0,6.2,6.2,2.3,4.8,7.2,5.3,0.0,0.0,1.954635005990765,1,10.0,5.3,0.0,0.0,50.0,0.0,23.5,0.0,29.5,208
ATORVASTATIN CALCIUM SALT + CHOLINE FENOFIBRATE,0.0,0.0,0.0,4.4,3.5,4.7,9.7,4.1,5.3,0.0,0.0,1.954635005990765,1,10.0,5.3,0.0,0.0,50.0,0.0,23.5,0.0,29.5,209
HYDROCHLOROTHIAZIDE + VALSARTAN,6.3999999999999995,6.3,0.0,3.5,5.1,3.5,8.1,6.9,5.4,0.03494757863205192,-0.007843258350778481,1.939304298657304,4,9.821428571428571,5.4,0.0,0.0,92.7,0.0,23.9,0.1,29.5,210
AMLODIPINE + METOPROLOL TARTRATE,11.1,11.6,0.0,7.4,1.6,2.4,6.0,9.5,5.4,0.06434792256060354,0.02227444702733572,1.9981734198894823,6,9.702380952380953,5.4,0.0,0.0,89.5,0.0,24.5,0.1,29.5,211
ATORVASTATIN CALCIUM SALT + BEMPEDOIC ACID,0.5,0.0,0.0,9.4,7.6,9.6,5.6,4.3,7.3,0.0,-1.0,0.0,2,9.94047619047619,7.3,0.0,0.0,92.0,0.0,13.8,0.0,29.5,212
AMLODIPINE BESILATE + METOPROLOL SUCCINATE,213.9,228.20000000000002,0.0,3.0,7.4,1.4,4.4,9.8,5.2,1.2658789593387698,0.03288608759108769,2.0189153040063834,37,7.857142857142858,5.2,0.0,0.0,89.5,0.5,34.7,2.6,29.4,213
INDAPAMIDE + TELMISARTAN,9.5,12.7,0.0,5.5,6.3,2.4,4.2,6.8,5.0,0.07044988073445388,0.1562188829383293,2.259985903178797,4,9.821428571428571,5.0,0.0,0.0,93.6,0.0,25.9,0.2,29.4,214
FENOFIBRATE + ROSUVASTATIN CALCIUM SALT,470.5,642.7,10.5,4.3,7.3,2.4,3.2,4.2,4.3,3.5652077439396463,0.16875729893099,2.284493929997726,96,4.345238095238095,4.3,0.016337326902131633,0.30898857401857655,93.8,1.6,56.8,8.1,29.2,215
ATORVASTATIN CALCIUM SALT + RAMIPRIL,5.1,4.8,0.0,8.1,3.7,4.6,4.7,4.2,5.1,0.026626726576801464,-0.029857499854668124,1.8962744915834664,1,10.0,5.1,0.0,0.0,91.1,0.0,24.5,0.1,29.1,216
AZELNIDIPINE + CHLORTALIDONE,0.0,0.0,0.0,7.0,3.6,3.0,7.1,5.0,5.1,0.0,0.0,1.954635005990765,1,10.0,5.1,0.0,0.0,50.0,0.0,24.5,0.0,29.1,217
AMLODIPINE BESILATE + PERINDOPRIL ERBUMINE,18.3,18.5,0.0,5.5,3.2,6.5,5.3,4.4,5.0,0.10262384201475565,0.005449631631855523,1.9652870467481443,2,9.94047619047619,5.0,0.0,0.0,93.2,0.0,25.3,0.2,29.1,218
FIMASARTAN,0.0,0.0,0.0,8.1,3.1,4.6,3.3,6.5,5.1,0.0,0.0,1.954635005990765,1,10.0,5.1,0.0,0.0,50.0,0.0,24.5,0.0,29.1,219
METOPROLOL TARTRATE + RAMIPRIL,17.6,18.6,0.0,9.3,0.7,3.8,4.6,8.3,5.3,0.10317856548510569,0.028016625263512784,2.009397282480552,10,9.464285714285714,5.3,0.0,0.0,88.4,0.0,26.2,0.2,29.1,220
LEVAMLODIPINE BESILATE + S-METOPROLOL SUCCINATE,14.8,18.3,0.0,4.7,5.2,1.3,3.1,9.8,4.8,0.10151439507405559,0.11197413930652478,2.1735035784449845,3,9.880952380952381,4.8,0.0,0.0,89.7,0.0,26.6,0.2,29.0,221
CHLORTALIDONE + S-METOPROLOL SUCCINATE,0.0,0.0,0.0,7.9,0.2,3.6,6.9,6.4,5.0,0.0,0.0,1.954635005990765,1,10.0,5.0,0.0,0.0,50.0,0.0,25.0,0.0,28.9,222
HYDRALAZINE HYDROCHLORIDE + ISOSORBIDE DINITRATE,46.199999999999996,69.5,0.0,3.9,3.7,2.8,3.3,7.8,4.3,0.38553281189327115,0.22651090673055352,2.397381153525014,6,9.702380952380953,4.3,0.0,0.0,91.0,0.2,30.0,0.9,28.9,223
LOSARTAN POTASSIUM SALT,219.0,227.4,0.7999999999999999,6.8,9.6,2.7,3.7,4.0,5.4,1.2614411715759695,0.018997627270820328,1.9917684332850751,48,7.2023809523809526,5.4,0.0035180299032541774,0.06653665251806815,91.1,0.5,37.0,2.5,28.9,224
ATORVASTATIN CALCIUM SALT + COLECALCIFEROL,19.3,16.7,0.0,5.7,2.7,9.1,4.6,5.0,5.4,0.09263881954845508,-0.06979304770751993,1.818215071766863,10,9.464285714285714,5.4,0.0,0.0,94.7,0.0,25.7,0.2,28.9,225
ATENOLOL + BENIDIPINE HYDROCHLORIDE,0.0,0.0,0.0,3.0,3.3,4.0,6.0,8.7,5.0,0.0,0.0,1.954635005990765,1,10.0,5.0,0.0,0.0,50.0,0.0,25.0,0.0,28.9,226
DOCONEXENT + ICOSAPENT + PHYTOSTEROLS (UNSPECIFIED),0.0,0.0,0.0,3.3,4.6,6.8,5.9,4.2,5.0,0.0,0.0,1.954635005990765,1,10.0,5.0,0.0,0.0,50.0,0.0,25.0,0.0,28.9,227
ALLIUM SATIVUM POWDER + CURCUMA LONGA POWDER + NEPETA HINDOSTANA EXTRACT,0.2,0.2,0.0,4.9,4.9,3.3,7.1,4.9,5.0,0.001109446940700061,0.0,1.954635005990765,1,10.0,5.0,0.0,0.0,94.8,0.0,25.0,0.0,28.9,228
ALLIUM SATIVUM OIL,0.1,0.0,0.0,7.9,8.1,2.5,7.9,8.2,6.9,0.0,-1.0,0.0,1,10.0,6.9,0.0,0.0,90.1,0.0,15.5,0.0,28.8,229
EFONIDIPINE HYDROCHLORIDE,14.5,14.6,0.0,2.1,0.1,3.7,9.0,9.4,4.9,0.08098962667110444,0.0034423509719618828,1.9613635457034682,2,9.94047619047619,4.9,0.0,0.0,86.3,0.0,25.8,0.2,28.8,230
VALSARTAN,39.1,37.0,0.0,2.3,1.4,9.4,4.3,7.1,4.9,0.2052476840295113,-0.02722481523103104,1.9014204291085612,5,9.761904761904763,4.9,0.0,0.0,92.1,0.1,26.7,0.4,28.8,231
FUROSEMIDE + POTASSIUM CHLORIDE,0.7,0.5,0.0,8.6,4.0,1.1,6.9,5.2,5.2,0.002773617351750153,-0.15484574527148343,1.6519680917543944,1,10.0,5.2,0.0,0.0,93.7,0.0,24.0,0.0,28.7,232
HYDROCHLOROTHIAZIDE + METOPROLOL TARTRATE,0.2,0.2,0.0,6.1,3.8,2.4,7.3,5.1,4.9,0.001109446940700061,0.0,1.954635005990765,1,10.0,4.9,0.0,0.0,90.8,0.0,25.5,0.0,28.7,233
HYDROCHLOROTHIAZIDE + LISINOPRIL,1.3,1.1,0.0,2.9,2.9,9.5,5.4,5.0,5.1,0.006101958173850336,-0.08013378899220014,1.798002696863933,2,9.94047619047619,5.1,0.0,0.0,87.2,0.0,24.8,0.0,28.7,234
NITRENDIPINE,0.0,0.0,0.0,2.1,4.6,2.3,9.1,6.6,4.9,0.0,0.0,1.954635005990765,1,10.0,4.9,0.0,0.0,50.0,0.0,25.5,0.0,28.7,235
AZELNIDIPINE + METOPROLOL TARTRATE,0.0,0.7,0.0,7.7,0.1,5.5,4.5,6.7,4.9,0.003883064292450213,0.0,1.954635005990765,1,10.0,4.9,0.0,0.0,50.0,0.0,25.5,0.0,28.7,236
BENIDIPINE HYDROCHLORIDE + CHLORTALIDONE + TELMISARTAN,3.5,3.5,0.0,3.8,2.9,1.5,7.8,9.2,5.0,0.01941532146225107,0.0,1.954635005990765,4,9.821428571428571,5.0,0.0,0.0,86.9,0.0,25.9,0.0,28.7,237
HYDROCHLOROTHIAZIDE + METOPROLOL SUCCINATE,12.4,12.3,0.0,4.2,0.8,7.6,8.6,4.5,5.1,0.06823098685305376,-0.0040404205636818125,1.9467374585180675,8,9.583333333333334,5.1,0.0,0.0,93.1,0.0,26.6,0.1,28.6,238
ATORVASTATIN CALCIUM SALT + METOPROLOL TARTRATE + RAMIPRIL,0.0,0.0,0.0,4.7,3.7,2.1,7.9,5.5,4.8,0.0,0.0,1.954635005990765,1,10.0,4.8,0.0,0.0,50.0,0.0,26.0,0.0,28.5,239
LEVAMLODIPINE BESILATE + LISINOPRIL,0.0,0.0,0.0,9.1,2.2,4.0,3.5,5.3,4.8,0.0,0.0,1.954635005990765,1,10.0,4.8,0.0,0.0,50.0,0.0,26.0,0.0,28.5,240
ATENOLOL + HYDROCHLOROTHIAZIDE,1.9000000000000001,1.6,0.0,2.5,2.0,7.7,3.8,9.7,5.1,0.008875575525600489,-0.08233706451775291,1.7936960973938452,4,9.821428571428571,5.1,0.0,0.0,87.5,0.0,25.4,0.0,28.5,241
CHOLINE FENOFIBRATE + ROSUVASTATIN CALCIUM SALT,4.0,4.3,0.0,4.2,6.3,2.0,4.0,6.9,4.7,0.02385310922505131,0.03682206766638596,2.0266087084444435,1,10.0,4.7,0.0,0.0,85.2,0.0,26.5,0.0,28.5,242
CHLORTALIDONE + OLMESARTAN MEDOXOMIL,92.4,89.3,0.0,9.9,0.4,2.7,9.2,4.4,5.3,0.49536805902257725,-0.016918001156456808,1.9215664886989623,26,8.511904761904763,5.3,0.0,0.0,94.6,0.2,30.9,1.0,28.4,243
AZILSARTAN MEDOXOMIL POTASSIUM SALT + CHLORTALIDONE,0.0,0.0,0.0,3.8,0.6,5.5,5.2,8.9,4.8,0.0,0.0,1.954635005990765,2,9.94047619047619,4.8,0.0,0.0,50.0,0.0,26.3,0.0,28.4,244
HYDROCHLOROTHIAZIDE + LOSARTAN POTASSIUM SALT,211.7,200.29999999999998,0.8,2.4,8.4,1.4,8.6,5.7,5.3,1.1111111111111112,-0.027297469641951455,1.9012784162536365,45,7.380952380952381,5.3,0.00399400898652022,0.07553886561462156,89.3,0.5,36.6,2.1,28.4,245
AMLODIPINE BESILATE + CHLORTALIDONE,0.0,0.0,0.0,9.0,0.3,2.6,5.9,5.6,4.7,0.0,0.0,1.954635005990765,1,10.0,4.7,0.0,0.0,50.0,0.0,26.5,0.0,28.3,246
ATORVASTATIN CALCIUM SALT + FOLIC ACID + MECOBALAMIN + PYRIDOXINE HYDROCHLORIDE,0.0,0.0,0.0,4.5,0.7,4.9,7.0,6.5,4.7,0.0,0.0,1.954635005990765,1,10.0,4.7,0.0,0.0,50.0,0.0,26.5,0.0,28.3,247
BENAZEPRIL HYDROCHLORIDE,0.0,0.0,0.0,5.9,0.7,6.1,4.4,6.5,4.7,0.0,0.0,1.954635005990765,1,10.0,4.7,0.0,0.0,50.0,0.0,26.5,0.0,28.3,248
ATENOLOL + NITRENDIPINE,0.0,0.0,0.0,5.4,4.1,2.0,7.2,4.8,4.7,0.0,0.0,1.954635005990765,1,10.0,4.7,0.0,0.0,50.0,0.0,26.5,0.0,28.3,249
ATENOLOL + NIFEDIPINE,11.4,11.8,0.1,3.0,3.2,4.2,3.1,9.4,4.6,0.06545736950130361,0.017392608238454788,1.988631206899132,5,9.761904761904763,4.6,0.00847457627118644,0.16028002947678704,95.0,0.1,28.2,0.1,28.3,250
CHLORTALIDONE + TELMISARTAN,522.7,639.5,4.5,9.7,1.6,1.8,3.7,5.6,4.5,3.547456592888445,0.10609906282834602,2.1620199482978637,105,3.8095238095238093,4.5,0.007036747458952306,0.1330863106367067,89.9,1.5,58.5,7.7,28.2,251
ISOSORBIDE MONONITRATE,76.60000000000001,70.6,0.0,5.1,0.4,5.6,4.3,8.9,4.9,0.39163477006712144,-0.03996301202674368,1.8765219037384617,16,9.107142857142858,4.9,0.0,0.0,91.3,0.2,30.0,0.7,28.2,252
ALLIUM SATIVUM EXTRACT + TERMINALIA ARJUNA EXTRACT,0.0,0.1,0.0,8.5,2.1,1.8,6.5,4.2,4.6,0.0005547234703500305,0.0,1.954635005990765,1,10.0,4.6,0.0,0.0,50.0,0.0,27.0,0.0,28.1,253
CILNIDIPINE + NEBIVOLOL HYDROCHLORIDE,45.9,56.6,0.0,2.4,4.3,1.3,5.9,8.5,4.5,0.3139734842181173,0.11045732399295116,2.170538758135451,13,9.285714285714286,4.5,0.0,0.0,90.5,0.1,31.1,0.7,28.1,254
BISOPROLOL + TELMISARTAN,0.0,0.1,0.0,5.1,4.4,2.9,6.5,4.2,4.6,0.0005547234703500305,0.0,1.954635005990765,1,10.0,4.6,0.0,0.0,50.0,0.0,27.0,0.0,28.1,255
ATORVASTATIN CALCIUM SALT + EZETIMIBE,45.7,91.3,0.0,4.6,1.0,2.1,4.9,7.8,4.1,0.5064625284295778,0.41343971084463305,2.7627587376743845,22,8.75,4.1,0.0,0.0,87.5,0.2,35.8,1.4,28.1,256
FELODIPINE,0.0,0.0,0.0,3.9,0.8,8.6,4.5,5.2,4.6,0.0,0.0,1.954635005990765,1,10.0,4.6,0.0,0.0,50.0,0.0,27.0,0.0,28.1,257
NEBIVOLOL HYDROCHLORIDE + VALSARTAN,3.3,3.2,0.0,3.3,2.8,2.1,5.8,9.2,4.6,0.017751151051200977,-0.015268072165338098,1.9247914976624019,1,10.0,4.6,0.0,0.0,89.5,0.0,27.0,0.0,28.1,258
METOPROLOL TARTRATE + OLMESARTAN MEDOXOMIL,34.8,36.0,0.0,6.4,3.2,2.7,3.2,7.5,4.6,0.19970044932601097,0.017095255431215595,1.9880499906929727,9,9.523809523809524,4.6,0.0,0.0,94.7,0.1,29.4,0.4,28.0,259
ATORVASTATIN CALCIUM SALT + TELMISARTAN,9.1,10.899999999999999,0.0,2.6,1.6,3.4,8.6,5.6,4.4,0.060464858268153315,0.0944415004020076,2.13923366869482,4,9.821428571428571,4.4,0.0,0.0,93.2,0.0,28.9,0.1,28.0,260
CILNIDIPINE + METOPROLOL SUCCINATE,64.8,84.6,0.0,4.6,4.0,3.3,6.9,4.8,4.7,0.4692960559161258,0.1426091000668408,2.233383745154252,24,8.630952380952381,4.7,0.0,0.0,94.7,0.2,33.3,1.0,28.0,261
AMLODIPINE BESILATE + OLMESARTAN MEDOXOMIL,91.1,95.8,0.6,6.9,1.0,6.6,5.7,4.3,4.9,0.5314250845953292,0.025471431839624525,2.0044223583172025,31,8.214285714285714,4.9,0.006263048016701462,0.11845329944631028,87.4,0.3,34.4,1.1,27.7,262
CHLORTALIDONE + METOPROLOL SUCCINATE,21.2,25.3,0.0,3.6,1.5,4.8,4.6,5.5,4.0,0.14034503799855771,0.09242676020641971,2.135295586980547,2,9.94047619047619,4.0,0.0,0.0,92.0,0.1,30.3,0.3,27.5,263
PHENOXYBENZAMINE HYDROCHLORIDE,0.4,0.30000000000000004,0.0,6.1,1.2,2.4,7.2,6.2,4.6,0.001664170411050092,-0.1339745962155613,1.6927635703143509,2,9.94047619047619,4.6,0.0,0.0,91.8,0.0,27.3,0.0,27.5,264
ACETYLSALICYLIC ACID + ATENOLOL + HYDROCHLOROTHIAZIDE + RAMIPRIL + SIMVASTATIN,4.6,4.1,0.0,7.3,0.8,3.3,3.8,6.6,4.4,0.02274366228435125,-0.05591083693006682,1.845349726913015,1,10.0,4.4,0.0,0.0,86.6,0.0,28.0,0.0,27.5,265
HYDROCHLOROTHIAZIDE + NEBIVOLOL HYDROCHLORIDE,26.5,28.4,0.0,2.0,5.9,2.9,6.8,5.0,4.5,0.15754146557940862,0.0352285318747485,2.02349392760281,13,9.285714285714286,4.5,0.0,0.0,90.7,0.1,31.1,0.3,27.4,266
CHLORTALIDONE + LOSARTAN POTASSIUM SALT,5.1,4.7,0.0,2.1,5.7,2.4,3.5,7.6,4.3,0.026072003106451434,-0.04001634000834131,1.8764176669988322,4,9.821428571428571,4.3,0.0,0.0,94.1,0.0,29.4,0.0,27.2,267
BENIDIPINE HYDROCHLORIDE + METOPROLOL SUCCINATE,5.0,3.5999999999999996,0.0,4.7,6.7,2.2,4.7,4.2,4.5,0.019970044932601096,-0.15147186257614298,1.6585628009768132,4,9.821428571428571,4.5,0.0,0.0,88.4,0.0,28.4,0.0,27.1,268
ALLIUM SATIVUM + CAMELLIA SINENSIS + COMMIPHORA WIGHTII EXTRACT + TERMINALIA ARJUNA + ZINGIBER OFFICINALE,0.0,0.0,0.0,3.4,1.3,5.8,4.1,6.0,4.1,0.0,0.0,1.954635005990765,1,10.0,4.1,0.0,0.0,50.0,0.0,29.5,0.0,27.1,269
BISOPROLOL FUMARATE + HYDROCHLOROTHIAZIDE,27.6,34.5,0.0,4.5,0.1,5.6,3.4,5.9,3.9,0.1913795972707605,0.1180339887498949,2.1853483722980296,9,9.523809523809524,3.9,0.0,0.0,89.1,0.1,32.9,0.4,26.9,270
AMILORIDE HYDROCHLORIDE + FUROSEMIDE,4.4,4.5,0.0,2.5,1.7,2.6,4.7,7.8,3.9,0.02496255616575137,0.011299793694863114,1.9767219783072183,2,9.94047619047619,3.9,0.0,0.0,91.1,0.0,30.8,0.0,26.7,271
ACETYLSALICYLIC ACID LYSIN SALT + CLOPIDOGREL BISULFATE + ROSUVASTATIN CALCIUM SALT,0.3,0.3,0.0,3.6,0.3,3.9,4.9,6.7,3.9,0.0016641704110500915,0.0,1.954635005990765,1,10.0,3.9,0.0,0.0,87.4,0.0,30.5,0.0,26.7,272
ALLIUM SATIVUM + CINNAMOMUM ZEYLANICUM + COMMIPHORA WIGHTII + PHYLLANTHUS EMBLICA + TERMINALIA ARJUNA,0.0,0.0,0.0,2.7,0.8,4.2,3.2,8.3,3.8,0.0,0.0,1.954635005990765,1,10.0,3.8,0.0,0.0,50.0,0.0,31.0,0.0,26.5,273
CARVEDILOL + IVABRADINE HYDROCHLORIDE,1.4,0.30000000000000004,0.0,5.2,8.5,1.0,5.8,4.4,5.0,0.001664170411050092,-0.5370899501137243,0.9048201881326458,5,9.761904761904763,5.0,0.0,0.0,88.4,0.0,26.2,0.0,26.5,274
AMLODIPINE + OLMESARTAN MEDOXOMIL,38.0,38.4,0.0,3.9,0.7,2.6,7.8,4.8,4.0,0.2130138126144117,0.00524937990006924,1.9648956277031846,13,9.285714285714286,4.0,0.0,0.0,85.6,0.1,33.6,0.4,26.4,275
INDAPAMIDE + PERINDOPRIL ERBUMINE,14.7,14.399999999999999,0.0,3.8,0.9,2.0,7.2,4.1,3.6,0.07988017973040439,-0.010256681389212985,1.9345869375021152,2,9.94047619047619,3.6,0.0,0.0,93.0,0.0,32.3,0.2,26.2,276
AMILORIDE HYDROCHLORIDE + HYDROCHLOROTHIAZIDE,0.1,0.0,0.0,8.3,2.8,1.9,7.2,7.9,5.6,0.0,-1.0,0.0,2,9.94047619047619,5.6,0.0,0.0,89.5,0.0,22.3,0.0,26.1,277
DOXAZOSIN MESILATE,0.0,0.0,0.0,2.4,1.0,2.1,8.1,4.2,3.6,0.0,0.0,1.954635005990765,1,10.0,3.6,0.0,0.0,50.0,0.0,32.0,0.0,26.1,278
ATORVASTATIN CALCIUM SALT + RAMIPRIL + S-METOPROLOL TARTRATE,0.1,0.0,0.0,9.3,5.5,3.2,3.2,5.4,5.3,0.0,-1.0,0.0,1,10.0,5.3,0.0,0.0,89.2,0.0,23.5,0.0,25.6,279
AMLODIPINE + PERINDOPRIL ERBUMINE,0.1,0.0,0.0,3.5,0.5,7.7,5.9,8.2,5.2,0.0,-1.0,0.0,1,10.0,5.2,0.0,0.0,85.4,0.0,24.0,0.0,25.4,280
AMLODIPINE BESILATE + LOSARTAN POTASSIUM SALT,62.49999999999999,59.300000000000004,0.0,6.2,0.3,2.6,3.1,7.0,3.8,0.3289510179175681,-0.025936347049126285,1.9039389141210175,21,8.80952380952381,3.8,0.0,0.0,91.4,0.1,37.0,0.6,25.4,281
ACETYLSALICYLIC ACID + ROSUVASTATIN CALCIUM SALT,233.7,307.1,2.6999999999999997,6.3,0.1,3.5,4.3,4.4,3.7,1.703555777444944,0.1463323591441017,2.240661357683039,72,5.773809523809524,3.7,0.008791924454575056,0.16628204946696307,90.1,0.8,52.6,3.8,25.1,282
CARVEDILOL + IVABRADINE HYDROBROMIDE,0.4,0.0,0.0,10.0,1.1,5.1,3.6,5.0,5.0,0.0,-1.0,0.0,1,10.0,5.0,0.0,0.0,93.5,0.0,25.0,0.0,25.0,283
HYDROCHLOROTHIAZIDE + IRBESARTAN,0.1,0.0,0.0,3.4,1.2,9.1,3.3,7.9,5.0,0.0,-1.0,0.0,1,10.0,5.0,0.0,0.0,89.8,0.0,25.0,0.0,25.0,284
AZILSARTAN MEDOXOMIL,35.1,27.0,0.0,4.3,1.2,4.1,6.1,6.0,4.3,0.14977533699450823,-0.1229419806929708,1.7143283068224435,32,8.154761904761905,4.3,0.0,0.0,91.8,0.1,37.7,0.3,24.6,285
